source_id,dataset_family,year,label,extension,layout,page_url,download_url,file_name,local_path,retrieved_at,bytes,sha256,status
receita_expanded-fb2f407e9d63df53,receita_expanded,2017,"Capa, Metodologia e Metadados - Centis - 2017 a 2022.pdf",pdf,metadata,https://www.gov.br/receitafederal/pt-br/centrais-de-conteudo/publicacoes/estudos/distribuicao-da-renda/distribuicao-de-renda-por-centis-estudo-ampliado-2017-a-2023/2017,https://www.gov.br/receitafederal/pt-br/centrais-de-conteudo/publicacoes/estudos/distribuicao-da-renda/distribuicao-de-renda-por-centis-estudo-ampliado-2017-a-2023/2017/capa-metodologia-e-metadados-centis-2017-a-2022.pdf/@@download/file,capa-metodologia-e-metadados-centis-2017-a-2022.pdf,data/metadata/official/receita_expanded/2017/capa-metodologia-e-metadados-centis-2017-a-2022.pdf,2026-08-10 04:59:22 UTC,281391,5074ee1f9197e025133447e4345253158738b1d5be935b1eb094f2ed2e7d0b65,cached
receita_expanded-ead8bd30f861afbe,receita_expanded,2017,Distribuição de Renda por Centis 2017.xlsx,xlsx,expanded_monolithic,https://www.gov.br/receitafederal/pt-br/centrais-de-conteudo/publicacoes/estudos/distribuicao-da-renda/distribuicao-de-renda-por-centis-estudo-ampliado-2017-a-2023/2017,https://www.gov.br/receitafederal/pt-br/centrais-de-conteudo/publicacoes/estudos/distribuicao-da-renda/distribuicao-de-renda-por-centis-estudo-ampliado-2017-a-2023/2017/distribuicao-de-renda-por-centis-2017.xlsx/@@download/file,distribuicao-de-renda-por-centis-2017.xlsx,data/raw/receita_expanded/2017/distribuicao-de-renda-por-centis-2017.xlsx,2026-08-10 04:59:28 UTC,22101080,1b6c965731d34000afe2ce0c6f0a95fb5f0a96785ea1e4eb84bb9e9f3e9a63f1,cached
receita_expanded-8bbb713558093f9d,receita_expanded,2018,"Capa, Metodologia e Metadados - Centis - 2017 a 2022.pdf",pdf,metadata,https://www.gov.br/receitafederal/pt-br/centrais-de-conteudo/publicacoes/estudos/distribuicao-da-renda/distribuicao-de-renda-por-centis-estudo-ampliado-2017-a-2023/2018,https://www.gov.br/receitafederal/pt-br/centrais-de-conteudo/publicacoes/estudos/distribuicao-da-renda/distribuicao-de-renda-por-centis-estudo-ampliado-2017-a-2023/2018/capa-metodologia-e-metadados-centis-2017-a-2022.pdf/@@download/file,capa-metodologia-e-metadados-centis-2017-a-2022.pdf,data/metadata/official/receita_expanded/2018/capa-metodologia-e-metadados-centis-2017-a-2022.pdf,2026-08-10 04:59:28 UTC,281391,5074ee1f9197e025133447e4345253158738b1d5be935b1eb094f2ed2e7d0b65,cached
receita_expanded-6000df26634c7792,receita_expanded,2018,Distribuição de Renda por Centis 2018.xlsx,xlsx,expanded_monolithic,https://www.gov.br/receitafederal/pt-br/centrais-de-conteudo/publicacoes/estudos/distribuicao-da-renda/distribuicao-de-renda-por-centis-estudo-ampliado-2017-a-2023/2018,https://www.gov.br/receitafederal/pt-br/centrais-de-conteudo/publicacoes/estudos/distribuicao-da-renda/distribuicao-de-renda-por-centis-estudo-ampliado-2017-a-2023/2018/distribuicao-de-renda-por-centis-2018.xlsx/@@download/file,distribuicao-de-renda-por-centis-2018.xlsx,data/raw/receita_expanded/2018/distribuicao-de-renda-por-centis-2018.xlsx,2026-08-10 05:00:10 UTC,22201727,ad2abc1e994d0215958d352c01455dc381d97e7cda590ec0e44f20d89fa36df2,downloaded
receita_expanded-880c7182dab00f2f,receita_expanded,2019,"Capa, Metodologia e Metadados - Centis - 2017 a 2022.pdf",pdf,metadata,https://www.gov.br/receitafederal/pt-br/centrais-de-conteudo/publicacoes/estudos/distribuicao-da-renda/distribuicao-de-renda-por-centis-estudo-ampliado-2017-a-2023/2019,https://www.gov.br/receitafederal/pt-br/centrais-de-conteudo/publicacoes/estudos/distribuicao-da-renda/distribuicao-de-renda-por-centis-estudo-ampliado-2017-a-2023/2019/capa-metodologia-e-metadados-centis-2017-a-2022.pdf/@@download/file,capa-metodologia-e-metadados-centis-2017-a-2022.pdf,data/metadata/official/receita_expanded/2019/capa-metodologia-e-metadados-centis-2017-a-2022.pdf,2026-08-10 05:00:10 UTC,281391,5074ee1f9197e025133447e4345253158738b1d5be935b1eb094f2ed2e7d0b65,downloaded
receita_expanded-4b515bc9e9a91292,receita_expanded,2019,Distribuição de Renda por Centis 2019.xlsx,xlsx,expanded_monolithic,https://www.gov.br/receitafederal/pt-br/centrais-de-conteudo/publicacoes/estudos/distribuicao-da-renda/distribuicao-de-renda-por-centis-estudo-ampliado-2017-a-2023/2019,https://www.gov.br/receitafederal/pt-br/centrais-de-conteudo/publicacoes/estudos/distribuicao-da-renda/distribuicao-de-renda-por-centis-estudo-ampliado-2017-a-2023/2019/distribuicao-de-renda-por-centis-2019.xlsx/@@download/file,distribuicao-de-renda-por-centis-2019.xlsx,data/raw/receita_expanded/2019/distribuicao-de-renda-por-centis-2019.xlsx,2026-08-10 05:00:15 UTC,22275830,2fe1c134e6d93a38e985353ab57c7faccb2bec0b3ca4d237cd279763eb22bcfd,downloaded
receita_expanded-86f9f8485423e2e7,receita_expanded,2020,"Capa, Metodologia e Metadados - Centis - 2017 a 2022.pdf",pdf,metadata,https://www.gov.br/receitafederal/pt-br/centrais-de-conteudo/publicacoes/estudos/distribuicao-da-renda/distribuicao-de-renda-por-centis-estudo-ampliado-2017-a-2023/2020,https://www.gov.br/receitafederal/pt-br/centrais-de-conteudo/publicacoes/estudos/distribuicao-da-renda/distribuicao-de-renda-por-centis-estudo-ampliado-2017-a-2023/2020/capa-metodologia-e-metadados-centis-2017-a-2022.pdf/@@download/file,capa-metodologia-e-metadados-centis-2017-a-2022.pdf,data/metadata/official/receita_expanded/2020/capa-metodologia-e-metadados-centis-2017-a-2022.pdf,2026-08-10 05:00:16 UTC,281391,5074ee1f9197e025133447e4345253158738b1d5be935b1eb094f2ed2e7d0b65,downloaded
receita_expanded-1369dc8f7f99faf2,receita_expanded,2020,Distribuição de Renda por Centis 2020.xlsx,xlsx,expanded_monolithic,https://www.gov.br/receitafederal/pt-br/centrais-de-conteudo/publicacoes/estudos/distribuicao-da-renda/distribuicao-de-renda-por-centis-estudo-ampliado-2017-a-2023/2020,https://www.gov.br/receitafederal/pt-br/centrais-de-conteudo/publicacoes/estudos/distribuicao-da-renda/distribuicao-de-renda-por-centis-estudo-ampliado-2017-a-2023/2020/distribuicao-de-renda-por-centis-2020.xlsx/@@download/file,distribuicao-de-renda-por-centis-2020.xlsx,data/raw/receita_expanded/2020/distribuicao-de-renda-por-centis-2020.xlsx,2026-08-10 05:00:21 UTC,22331881,977bbbf4540a5fec026782e92930428b92299b82a53188452d8c5b7bb2beee70,downloaded
receita_expanded-5e9c16eb86be0da5,receita_expanded,2021,"Capa, Metodologia e Metadados - Centis - 2017 a 2022.pdf",pdf,metadata,https://www.gov.br/receitafederal/pt-br/centrais-de-conteudo/publicacoes/estudos/distribuicao-da-renda/distribuicao-de-renda-por-centis-estudo-ampliado-2017-a-2023/2021,https://www.gov.br/receitafederal/pt-br/centrais-de-conteudo/publicacoes/estudos/distribuicao-da-renda/distribuicao-de-renda-por-centis-estudo-ampliado-2017-a-2023/2021/capa-metodologia-e-metadados-centis-2017-a-2022.pdf/@@download/file,capa-metodologia-e-metadados-centis-2017-a-2022.pdf,data/metadata/official/receita_expanded/2021/capa-metodologia-e-metadados-centis-2017-a-2022.pdf,2026-08-10 05:00:27 UTC,281391,5074ee1f9197e025133447e4345253158738b1d5be935b1eb094f2ed2e7d0b65,downloaded
receita_expanded-8899cd76929c5959,receita_expanded,2021,Distribuição de Renda por Centis 2021.xlsx,xlsx,expanded_monolithic,https://www.gov.br/receitafederal/pt-br/centrais-de-conteudo/publicacoes/estudos/distribuicao-da-renda/distribuicao-de-renda-por-centis-estudo-ampliado-2017-a-2023/2021,https://www.gov.br/receitafederal/pt-br/centrais-de-conteudo/publicacoes/estudos/distribuicao-da-renda/distribuicao-de-renda-por-centis-estudo-ampliado-2017-a-2023/2021/distribuicao-de-renda-por-centis-2021.xlsx/@@download/file,distribuicao-de-renda-por-centis-2021.xlsx,data/raw/receita_expanded/2021/distribuicao-de-renda-por-centis-2021.xlsx,2026-08-10 05:00:32 UTC,22493893,1b6214566dc04e7dd27805fe0e9ad10e9bbfa7a1274f98995d54377f0a53a310,downloaded
receita_expanded-1a18a560893cb1d3,receita_expanded,2022,Centis - BR_AC2022_abril_2025.xlsx,xlsx,expanded_national,https://www.gov.br/receitafederal/pt-br/centrais-de-conteudo/publicacoes/estudos/distribuicao-da-renda/distribuicao-de-renda-por-centis-estudo-ampliado-2017-a-2023/2022,https://www.gov.br/receitafederal/pt-br/centrais-de-conteudo/publicacoes/estudos/distribuicao-da-renda/distribuicao-de-renda-por-centis-estudo-ampliado-2017-a-2023/2022/centis-br_ac2022_abril_2025.xlsx/@@download/file,centis-br_ac2022_abril_2025.xlsx,data/raw/receita_expanded/2022/centis-br_ac2022_abril_2025.xlsx,2026-08-10 05:00:33 UTC,880245,9f165befae9907703b71c626ad2bbbcb411ec09f54af178ec9509a0b1a6b6739,downloaded
receita_expanded-025ae38cbbdeec7e,receita_expanded,2022,Centis - RB1 - UFII_AC2022_abril_2025.xlsx,xlsx,expanded_regional,https://www.gov.br/receitafederal/pt-br/centrais-de-conteudo/publicacoes/estudos/distribuicao-da-renda/distribuicao-de-renda-por-centis-estudo-ampliado-2017-a-2023/2022,https://www.gov.br/receitafederal/pt-br/centrais-de-conteudo/publicacoes/estudos/distribuicao-da-renda/distribuicao-de-renda-por-centis-estudo-ampliado-2017-a-2023/2022/centis-rb1-ufii_ac2022_abril_2025.xlsx/@@download/file,centis-rb1-ufii_ac2022_abril_2025.xlsx,data/raw/receita_expanded/2022/centis-rb1-ufii_ac2022_abril_2025.xlsx,2026-08-10 05:00:33 UTC,1919398,c156c3f5ea3409cf452ecd72cd1b1ce15b6a6f45a96b0485b4c51e2df5413571,downloaded
receita_expanded-fcf7d3bbf9d1d89a,receita_expanded,2022,Centis - RB10 - UFXI_AC2022_abril_2025.xlsx,xlsx,expanded_regional,https://www.gov.br/receitafederal/pt-br/centrais-de-conteudo/publicacoes/estudos/distribuicao-da-renda/distribuicao-de-renda-por-centis-estudo-ampliado-2017-a-2023/2022,https://www.gov.br/receitafederal/pt-br/centrais-de-conteudo/publicacoes/estudos/distribuicao-da-renda/distribuicao-de-renda-por-centis-estudo-ampliado-2017-a-2023/2022/centis-rb10-ufxi_ac2022_abril_2025.xlsx/@@download/file,centis-rb10-ufxi_ac2022_abril_2025.xlsx,data/raw/receita_expanded/2022/centis-rb10-ufxi_ac2022_abril_2025.xlsx,2026-08-10 05:00:34 UTC,1751742,3e4749fa5731b883a0e41ce3f99759d41826c59a69716fad6ee557a9dd8d4c55,downloaded
receita_expanded-39f53f39aa9482c4,receita_expanded,2022,Centis - RB2 - UFIII_AC2022_abril_2025.xlsx,xlsx,expanded_regional,https://www.gov.br/receitafederal/pt-br/centrais-de-conteudo/publicacoes/estudos/distribuicao-da-renda/distribuicao-de-renda-por-centis-estudo-ampliado-2017-a-2023/2022,https://www.gov.br/receitafederal/pt-br/centrais-de-conteudo/publicacoes/estudos/distribuicao-da-renda/distribuicao-de-renda-por-centis-estudo-ampliado-2017-a-2023/2022/centis-rb2-ufiii_ac2022_abril_2025.xlsx/@@download/file,centis-rb2-ufiii_ac2022_abril_2025.xlsx,data/raw/receita_expanded/2022/centis-rb2-ufiii_ac2022_abril_2025.xlsx,2026-08-10 05:01:33 UTC,1934183,fdebddeca8f6438d75e39fce09137190d50137c8c9b71c60f9eeda0e25215055,downloaded
receita_expanded-366a8182db234148,receita_expanded,2022,Centis - RB3 - UFIV_AC2022_abril_2025.xlsx,xlsx,expanded_regional,https://www.gov.br/receitafederal/pt-br/centrais-de-conteudo/publicacoes/estudos/distribuicao-da-renda/distribuicao-de-renda-por-centis-estudo-ampliado-2017-a-2023/2022,https://www.gov.br/receitafederal/pt-br/centrais-de-conteudo/publicacoes/estudos/distribuicao-da-renda/distribuicao-de-renda-por-centis-estudo-ampliado-2017-a-2023/2022/centis-rb3-ufiv_ac2022_abril_2025.xlsx/@@download/file,centis-rb3-ufiv_ac2022_abril_2025.xlsx,data/raw/receita_expanded/2022/centis-rb3-ufiv_ac2022_abril_2025.xlsx,2026-08-10 05:01:34 UTC,1916129,c3356f0f821bd21854fb5670e19752dc80ed54e7281b957927a90213dffafd86,downloaded
receita_expanded-8cef1567336564df,receita_expanded,2022,Centis - RB4 - UFV_AC2022_abril_2025.xlsx,xlsx,expanded_regional,https://www.gov.br/receitafederal/pt-br/centrais-de-conteudo/publicacoes/estudos/distribuicao-da-renda/distribuicao-de-renda-por-centis-estudo-ampliado-2017-a-2023/2022,https://www.gov.br/receitafederal/pt-br/centrais-de-conteudo/publicacoes/estudos/distribuicao-da-renda/distribuicao-de-renda-por-centis-estudo-ampliado-2017-a-2023/2022/centis-rb4-ufv_ac2022_abril_2025.xlsx/@@download/file,centis-rb4-ufv_ac2022_abril_2025.xlsx,data/raw/receita_expanded/2022/centis-rb4-ufv_ac2022_abril_2025.xlsx,2026-08-10 05:01:35 UTC,1911858,d3fa05433f2784c4a9f3f92fa3d983d3c803a8baf383562a301d56736969a3fb,downloaded
receita_expanded-c928567242bb168a,receita_expanded,2022,Centis - RB5 - UFVI_AC2022_abril_2025.xlsx,xlsx,expanded_regional,https://www.gov.br/receitafederal/pt-br/centrais-de-conteudo/publicacoes/estudos/distribuicao-da-renda/distribuicao-de-renda-por-centis-estudo-ampliado-2017-a-2023/2022,https://www.gov.br/receitafederal/pt-br/centrais-de-conteudo/publicacoes/estudos/distribuicao-da-renda/distribuicao-de-renda-por-centis-estudo-ampliado-2017-a-2023/2022/centis-rb5-ufvi_ac2022_abril_2025.xlsx/@@download/file,centis-rb5-ufvi_ac2022_abril_2025.xlsx,data/raw/receita_expanded/2022/centis-rb5-ufvi_ac2022_abril_2025.xlsx,2026-08-10 05:01:40 UTC,1807717,3cb5558cd38f48fff947c220eb9b8942c4c641a5f0d0c8c7336558efd60ae78c,downloaded
receita_expanded-451bdc2ea1ad9a66,receita_expanded,2022,Centis - RB6 - UFVII_AC2022_abril_2025.xlsx,xlsx,expanded_regional,https://www.gov.br/receitafederal/pt-br/centrais-de-conteudo/publicacoes/estudos/distribuicao-da-renda/distribuicao-de-renda-por-centis-estudo-ampliado-2017-a-2023/2022,https://www.gov.br/receitafederal/pt-br/centrais-de-conteudo/publicacoes/estudos/distribuicao-da-renda/distribuicao-de-renda-por-centis-estudo-ampliado-2017-a-2023/2022/centis-rb6-ufvii_ac2022_abril_2025.xlsx/@@download/file,centis-rb6-ufvii_ac2022_abril_2025.xlsx,data/raw/receita_expanded/2022/centis-rb6-ufvii_ac2022_abril_2025.xlsx,2026-08-10 05:01:41 UTC,1927025,80cb884a70ecb1c875fa691cfd90aad04e428bf180a5bf4dfb02d2be84ff4589,downloaded
receita_expanded-4757b063e2149fff,receita_expanded,2022,Centis - RB7 - UFVIII_AC2022_abril_2025.xlsx,xlsx,expanded_regional,https://www.gov.br/receitafederal/pt-br/centrais-de-conteudo/publicacoes/estudos/distribuicao-da-renda/distribuicao-de-renda-por-centis-estudo-ampliado-2017-a-2023/2022,https://www.gov.br/receitafederal/pt-br/centrais-de-conteudo/publicacoes/estudos/distribuicao-da-renda/distribuicao-de-renda-por-centis-estudo-ampliado-2017-a-2023/2022/centis-rb7-ufviii_ac2022_abril_2025.xlsx/@@download/file,centis-rb7-ufviii_ac2022_abril_2025.xlsx,data/raw/receita_expanded/2022/centis-rb7-ufviii_ac2022_abril_2025.xlsx,2026-08-10 05:01:41 UTC,1944012,d96b3fc547bea0427c5ee4e28d818a160c6c87adaff68dda32b803d0d600832f,downloaded
receita_expanded-d2027942ec158e99,receita_expanded,2022,Centis - RB8 - UFIX_AC2022_abril_2025.xlsx,xlsx,expanded_regional,https://www.gov.br/receitafederal/pt-br/centrais-de-conteudo/publicacoes/estudos/distribuicao-da-renda/distribuicao-de-renda-por-centis-estudo-ampliado-2017-a-2023/2022,https://www.gov.br/receitafederal/pt-br/centrais-de-conteudo/publicacoes/estudos/distribuicao-da-renda/distribuicao-de-renda-por-centis-estudo-ampliado-2017-a-2023/2022/centis-rb8-ufix_ac2022_abril_2025.xlsx/@@download/file,centis-rb8-ufix_ac2022_abril_2025.xlsx,data/raw/receita_expanded/2022/centis-rb8-ufix_ac2022_abril_2025.xlsx,2026-08-10 05:01:42 UTC,1920700,5ed56173e796594abb8eeea222b7369720118ee62a70f1495db77c2dbe4ad788,downloaded
receita_expanded-32e29e970c17da62,receita_expanded,2022,Centis - RB9 - UFX_AC2022_abril_2025.xlsx,xlsx,expanded_regional,https://www.gov.br/receitafederal/pt-br/centrais-de-conteudo/publicacoes/estudos/distribuicao-da-renda/distribuicao-de-renda-por-centis-estudo-ampliado-2017-a-2023/2022,https://www.gov.br/receitafederal/pt-br/centrais-de-conteudo/publicacoes/estudos/distribuicao-da-renda/distribuicao-de-renda-por-centis-estudo-ampliado-2017-a-2023/2022/centis-rb9-ufx_ac2022_abril_2025.xlsx/@@download/file,centis-rb9-ufx_ac2022_abril_2025.xlsx,data/raw/receita_expanded/2022/centis-rb9-ufx_ac2022_abril_2025.xlsx,2026-08-10 05:01:43 UTC,1807817,d463b1abc24ba2d3a853953ed8f848f555b09931d7b5d05a0cddde72a7444d6f,downloaded
receita_expanded-ceaca4dd770f63a8,receita_expanded,2022,Centis - RTB - UFI_AC2022_abril_2025.xlsx,xlsx,expanded_regional,https://www.gov.br/receitafederal/pt-br/centrais-de-conteudo/publicacoes/estudos/distribuicao-da-renda/distribuicao-de-renda-por-centis-estudo-ampliado-2017-a-2023/2022,https://www.gov.br/receitafederal/pt-br/centrais-de-conteudo/publicacoes/estudos/distribuicao-da-renda/distribuicao-de-renda-por-centis-estudo-ampliado-2017-a-2023/2022/centis-rtb-ufi_ac2022_abril_2025.xlsx/@@download/file,centis-rtb-ufi_ac2022_abril_2025.xlsx,data/raw/receita_expanded/2022/centis-rtb-ufi_ac2022_abril_2025.xlsx,2026-08-10 05:01:48 UTC,1928201,10ece96f0d7a94e18be146445f4168853c2940e981e15b75b0ef73464c12a5a9,downloaded
receita_expanded-28160e503c138b08,receita_expanded,2022,Metadados - Centis - AC 2022_abril_2025.pdf,pdf,metadata,https://www.gov.br/receitafederal/pt-br/centrais-de-conteudo/publicacoes/estudos/distribuicao-da-renda/distribuicao-de-renda-por-centis-estudo-ampliado-2017-a-2023/2022,https://www.gov.br/receitafederal/pt-br/centrais-de-conteudo/publicacoes/estudos/distribuicao-da-renda/distribuicao-de-renda-por-centis-estudo-ampliado-2017-a-2023/2022/metadados-centis-ac-2022_abril_2025.pdf/@@download/file,metadados-centis-ac-2022_abril_2025.pdf,data/metadata/official/receita_expanded/2022/metadados-centis-ac-2022_abril_2025.pdf,2026-08-10 05:02:27 UTC,285666,3953d04a0b41b26a9493640528f04a7f7748f5c0ca3582deacdcd5d465102ecf,downloaded
receita_expanded-e935d6379f65b197,receita_expanded,2023,Centis - BR (AC2023 - versão Nov 2025).xlsx,xlsx,expanded_national,https://www.gov.br/receitafederal/pt-br/centrais-de-conteudo/publicacoes/estudos/distribuicao-da-renda/distribuicao-de-renda-por-centis-estudo-ampliado-2017-a-2023/2023,https://www.gov.br/receitafederal/pt-br/centrais-de-conteudo/publicacoes/estudos/distribuicao-da-renda/distribuicao-de-renda-por-centis-estudo-ampliado-2017-a-2023/2023/centis-br-ac2023-versao-nov-2025.xlsx/@@download/file,centis-br-ac2023-versao-nov-2025.xlsx,data/raw/receita_expanded/2023/centis-br-ac2023-versao-nov-2025.xlsx,2026-08-10 05:02:27 UTC,891448,bfeb503fc48dedffa08fde102697f06728ffc0e2c4c176c8af0c77702ef19c71,downloaded
receita_expanded-ae4c4107cfc7fe04,receita_expanded,2023,Centis - RB1 - UFII (AC2023 - versão Nov 2025).xlsx,xlsx,expanded_regional,https://www.gov.br/receitafederal/pt-br/centrais-de-conteudo/publicacoes/estudos/distribuicao-da-renda/distribuicao-de-renda-por-centis-estudo-ampliado-2017-a-2023/2023,https://www.gov.br/receitafederal/pt-br/centrais-de-conteudo/publicacoes/estudos/distribuicao-da-renda/distribuicao-de-renda-por-centis-estudo-ampliado-2017-a-2023/2023/centis-rb1-ufii-ac2023-versao-nov-2025.xlsx/@@download/file,centis-rb1-ufii-ac2023-versao-nov-2025.xlsx,data/raw/receita_expanded/2023/centis-rb1-ufii-ac2023-versao-nov-2025.xlsx,2026-08-10 05:02:33 UTC,1954898,9a4c782e322bb209c26207c6e8d641604169b0c9c350228dd3d4968d7ed2a963,downloaded
receita_expanded-090b3607ee6c3549,receita_expanded,2023,Centis - RB10 - UFXI (AC2023 - versão Nov 2025).xlsx,xlsx,expanded_regional,https://www.gov.br/receitafederal/pt-br/centrais-de-conteudo/publicacoes/estudos/distribuicao-da-renda/distribuicao-de-renda-por-centis-estudo-ampliado-2017-a-2023/2023,https://www.gov.br/receitafederal/pt-br/centrais-de-conteudo/publicacoes/estudos/distribuicao-da-renda/distribuicao-de-renda-por-centis-estudo-ampliado-2017-a-2023/2023/centis-rb10-ufxi-ac2023-versao-nov-2025.xlsx/@@download/file,centis-rb10-ufxi-ac2023-versao-nov-2025.xlsx,data/raw/receita_expanded/2023/centis-rb10-ufxi-ac2023-versao-nov-2025.xlsx,2026-08-10 05:02:34 UTC,1784197,937ee4877cc5d408bcb6e040668ef299002f48f0f112519b751689ce5dee841f,downloaded
receita_expanded-f637f424ba3ea6ff,receita_expanded,2023,Centis - RB2 - UFIII (AC2023 - versão Nov 2025).xlsx,xlsx,expanded_regional,https://www.gov.br/receitafederal/pt-br/centrais-de-conteudo/publicacoes/estudos/distribuicao-da-renda/distribuicao-de-renda-por-centis-estudo-ampliado-2017-a-2023/2023,https://www.gov.br/receitafederal/pt-br/centrais-de-conteudo/publicacoes/estudos/distribuicao-da-renda/distribuicao-de-renda-por-centis-estudo-ampliado-2017-a-2023/2023/centis-rb2-ufiii-ac2023-versao-nov-2025.xlsx/@@download/file,centis-rb2-ufiii-ac2023-versao-nov-2025.xlsx,data/raw/receita_expanded/2023/centis-rb2-ufiii-ac2023-versao-nov-2025.xlsx,2026-08-10 05:02:39 UTC,1970964,d2c8a4c0134426ac3c785b9d4c8f0f17ebb53f8d458e74f6a5502f34e47beee4,downloaded
receita_expanded-b4863a7e9cc01b69,receita_expanded,2023,Centis - RB3 - UFIV (AC2023 - versão Nov 2025).xlsx,xlsx,expanded_regional,https://www.gov.br/receitafederal/pt-br/centrais-de-conteudo/publicacoes/estudos/distribuicao-da-renda/distribuicao-de-renda-por-centis-estudo-ampliado-2017-a-2023/2023,https://www.gov.br/receitafederal/pt-br/centrais-de-conteudo/publicacoes/estudos/distribuicao-da-renda/distribuicao-de-renda-por-centis-estudo-ampliado-2017-a-2023/2023/centis-rb3-ufiv-ac2023-versao-nov-2025.xlsx/@@download/file,centis-rb3-ufiv-ac2023-versao-nov-2025.xlsx,data/raw/receita_expanded/2023/centis-rb3-ufiv-ac2023-versao-nov-2025.xlsx,2026-08-10 05:02:40 UTC,1951741,539526c2e86ac0c1bc2dd772cf185b9f411ef4e0ece746fabe33280b14160be0,downloaded
receita_expanded-b93b132a5dc6d650,receita_expanded,2023,Centis - RB4 - UFV (AC2023 - versão Nov 2025).xlsx,xlsx,expanded_regional,https://www.gov.br/receitafederal/pt-br/centrais-de-conteudo/publicacoes/estudos/distribuicao-da-renda/distribuicao-de-renda-por-centis-estudo-ampliado-2017-a-2023/2023,https://www.gov.br/receitafederal/pt-br/centrais-de-conteudo/publicacoes/estudos/distribuicao-da-renda/distribuicao-de-renda-por-centis-estudo-ampliado-2017-a-2023/2023/centis-rb4-ufv-ac2023-versao-nov-2025.xlsx/@@download/file,centis-rb4-ufv-ac2023-versao-nov-2025.xlsx,data/raw/receita_expanded/2023/centis-rb4-ufv-ac2023-versao-nov-2025.xlsx,2026-08-10 05:02:46 UTC,1947207,3bc218630f702e563aa8a573f566096158e1460fb92a93bc63288f9eee128a56,downloaded
receita_expanded-c9b34fa9b4a1f725,receita_expanded,2023,Centis - RB5 - UFVI (AC2023 - versão Nov 2025).xlsx,xlsx,expanded_regional,https://www.gov.br/receitafederal/pt-br/centrais-de-conteudo/publicacoes/estudos/distribuicao-da-renda/distribuicao-de-renda-por-centis-estudo-ampliado-2017-a-2023/2023,https://www.gov.br/receitafederal/pt-br/centrais-de-conteudo/publicacoes/estudos/distribuicao-da-renda/distribuicao-de-renda-por-centis-estudo-ampliado-2017-a-2023/2023/centis-rb5-ufvi-ac2023-versao-nov-2025.xlsx/@@download/file,centis-rb5-ufvi-ac2023-versao-nov-2025.xlsx,data/raw/receita_expanded/2023/centis-rb5-ufvi-ac2023-versao-nov-2025.xlsx,2026-08-10 05:02:46 UTC,1834859,e3989d2477116bad732afdf515c79ba9faad44dd7c11d889927a6ab072144087,downloaded
receita_expanded-b08d788d6e77249f,receita_expanded,2023,Centis - RB6 - UFVII (AC2023 - versão Nov 2025).xlsx,xlsx,expanded_regional,https://www.gov.br/receitafederal/pt-br/centrais-de-conteudo/publicacoes/estudos/distribuicao-da-renda/distribuicao-de-renda-por-centis-estudo-ampliado-2017-a-2023/2023,https://www.gov.br/receitafederal/pt-br/centrais-de-conteudo/publicacoes/estudos/distribuicao-da-renda/distribuicao-de-renda-por-centis-estudo-ampliado-2017-a-2023/2023/centis-rb6-ufvii-ac2023-versao-nov-2025.xlsx/@@download/file,centis-rb6-ufvii-ac2023-versao-nov-2025.xlsx,data/raw/receita_expanded/2023/centis-rb6-ufvii-ac2023-versao-nov-2025.xlsx,2026-08-10 05:02:47 UTC,1958598,03d473cc2a5ef3b8fb5306b71831ae9ddf269438891be4a30d2b8b7f2fdfcca7,downloaded
receita_expanded-b7b6cd8e9ffb05e9,receita_expanded,2023,Centis - RB7 - UFVIII (AC2023 - versão Nov 2025).xlsx,xlsx,expanded_regional,https://www.gov.br/receitafederal/pt-br/centrais-de-conteudo/publicacoes/estudos/distribuicao-da-renda/distribuicao-de-renda-por-centis-estudo-ampliado-2017-a-2023/2023,https://www.gov.br/receitafederal/pt-br/centrais-de-conteudo/publicacoes/estudos/distribuicao-da-renda/distribuicao-de-renda-por-centis-estudo-ampliado-2017-a-2023/2023/centis-rb7-ufviii-ac2023-versao-nov-2025.xlsx/@@download/file,centis-rb7-ufviii-ac2023-versao-nov-2025.xlsx,data/raw/receita_expanded/2023/centis-rb7-ufviii-ac2023-versao-nov-2025.xlsx,2026-08-10 05:02:48 UTC,1975854,2d71e33cccb8f1e6cf68a15ab87fdd3a1740691626020550825531814937ad67,downloaded
receita_expanded-c4f986081e9e890b,receita_expanded,2023,Centis - RB8 - UFIX (AC2023 - versão Nov 2025).xlsx,xlsx,expanded_regional,https://www.gov.br/receitafederal/pt-br/centrais-de-conteudo/publicacoes/estudos/distribuicao-da-renda/distribuicao-de-renda-por-centis-estudo-ampliado-2017-a-2023/2023,https://www.gov.br/receitafederal/pt-br/centrais-de-conteudo/publicacoes/estudos/distribuicao-da-renda/distribuicao-de-renda-por-centis-estudo-ampliado-2017-a-2023/2023/centis-rb8-ufix-ac2023-versao-nov-2025.xlsx/@@download/file,centis-rb8-ufix-ac2023-versao-nov-2025.xlsx,data/raw/receita_expanded/2023/centis-rb8-ufix-ac2023-versao-nov-2025.xlsx,2026-08-10 05:03:19 UTC,1947847,78503b95c420ce55a422d6296a1e241a76e7acf0ba4821dd372c2b9d06682c70,downloaded
receita_expanded-dc34717fe9e78362,receita_expanded,2023,Centis - RB9 - UFX (AC2023 - versão Nov 2025).xlsx,xlsx,expanded_regional,https://www.gov.br/receitafederal/pt-br/centrais-de-conteudo/publicacoes/estudos/distribuicao-da-renda/distribuicao-de-renda-por-centis-estudo-ampliado-2017-a-2023/2023,https://www.gov.br/receitafederal/pt-br/centrais-de-conteudo/publicacoes/estudos/distribuicao-da-renda/distribuicao-de-renda-por-centis-estudo-ampliado-2017-a-2023/2023/centis-rb9-ufx-ac2023-versao-nov-2025.xlsx/@@download/file,centis-rb9-ufx-ac2023-versao-nov-2025.xlsx,data/raw/receita_expanded/2023/centis-rb9-ufx-ac2023-versao-nov-2025.xlsx,2026-08-10 05:03:20 UTC,1761368,94ab20613d146c9ee15644c2589b2769f7a43e1b35414b341e679372229fa0b9,downloaded
receita_expanded-1ff7a0241acd306c,receita_expanded,2023,Centis - RTB - UFI (AC2023 - versão Nov 2025).xlsx,xlsx,expanded_regional,https://www.gov.br/receitafederal/pt-br/centrais-de-conteudo/publicacoes/estudos/distribuicao-da-renda/distribuicao-de-renda-por-centis-estudo-ampliado-2017-a-2023/2023,https://www.gov.br/receitafederal/pt-br/centrais-de-conteudo/publicacoes/estudos/distribuicao-da-renda/distribuicao-de-renda-por-centis-estudo-ampliado-2017-a-2023/2023/centis-rtb-ufi-ac2023-versao-nov-2025.xlsx/@@download/file,centis-rtb-ufi-ac2023-versao-nov-2025.xlsx,data/raw/receita_expanded/2023/centis-rtb-ufi-ac2023-versao-nov-2025.xlsx,2026-08-10 05:03:21 UTC,1961069,42fc6eed826d2451f2e258d5f40587c5d5cdca46d901333a5558b97cdda16b44,downloaded
receita_expanded-04acb206bb0a8cf9,receita_expanded,2023,Metadados - Centis - AC2023 (versão Novembro 2025).pdf,pdf,metadata,https://www.gov.br/receitafederal/pt-br/centrais-de-conteudo/publicacoes/estudos/distribuicao-da-renda/distribuicao-de-renda-por-centis-estudo-ampliado-2017-a-2023/2023,https://www.gov.br/receitafederal/pt-br/centrais-de-conteudo/publicacoes/estudos/distribuicao-da-renda/distribuicao-de-renda-por-centis-estudo-ampliado-2017-a-2023/2023/metadados-centis-ac2023-versao-novembro-2025.pdf/@@download/file,metadados-centis-ac2023-versao-novembro-2025.pdf,data/metadata/official/receita_expanded/2023/metadados-centis-ac2023-versao-novembro-2025.pdf,2026-08-10 05:03:21 UTC,327925,87c43e23b5b6404137557de89e9e4adf2d5ccdd94cd9e28659b25574d97470e1,downloaded
receita_expanded-6e3e82ef41775bc4,receita_expanded,2024,Centis - BR (AC2024).xlsx,xlsx,expanded_national,https://www.gov.br/receitafederal/pt-br/centrais-de-conteudo/publicacoes/estudos/distribuicao-da-renda/distribuicao-de-renda-por-centis-estudo-ampliado-2017-a-2023/2024,https://www.gov.br/receitafederal/pt-br/centrais-de-conteudo/publicacoes/estudos/distribuicao-da-renda/distribuicao-de-renda-por-centis-estudo-ampliado-2017-a-2023/2024/centis-br-ac2024.xlsx/@@download/file,centis-br-ac2024.xlsx,data/raw/receita_expanded/2024/centis-br-ac2024.xlsx,2026-08-10 05:03:21 UTC,1068182,c0ab867b13865b350e98220a69bb63b2e4a106827fc3c73286822112b9ae07d3,downloaded
receita_expanded-d1d06f4bb765c39c,receita_expanded,2024,Centis - RB1 - UFII (AC2024).xlsx,xlsx,expanded_regional,https://www.gov.br/receitafederal/pt-br/centrais-de-conteudo/publicacoes/estudos/distribuicao-da-renda/distribuicao-de-renda-por-centis-estudo-ampliado-2017-a-2023/2024,https://www.gov.br/receitafederal/pt-br/centrais-de-conteudo/publicacoes/estudos/distribuicao-da-renda/distribuicao-de-renda-por-centis-estudo-ampliado-2017-a-2023/2024/centis-rb1-ufii-ac2024.xlsx/@@download/file,centis-rb1-ufii-ac2024.xlsx,data/raw/receita_expanded/2024/centis-rb1-ufii-ac2024.xlsx,2026-08-10 05:03:22 UTC,2296409,06eee115fc6e2bc026e890b69b21f63bcb0419a66a86845c5072f4216a5e0336,downloaded
receita_expanded-71fd21cbe067c727,receita_expanded,2024,Centis - RB10 - UFXI (AC2024).xlsx,xlsx,expanded_regional,https://www.gov.br/receitafederal/pt-br/centrais-de-conteudo/publicacoes/estudos/distribuicao-da-renda/distribuicao-de-renda-por-centis-estudo-ampliado-2017-a-2023/2024,https://www.gov.br/receitafederal/pt-br/centrais-de-conteudo/publicacoes/estudos/distribuicao-da-renda/distribuicao-de-renda-por-centis-estudo-ampliado-2017-a-2023/2024/centis-rb10-ufxi-ac2024.xlsx/@@download/file,centis-rb10-ufxi-ac2024.xlsx,data/raw/receita_expanded/2024/centis-rb10-ufxi-ac2024.xlsx,2026-08-10 05:03:23 UTC,2121613,2cc86a6eaf99ccc2cb087643489a2c0561aee023abd8f2e2a748dd32211477f8,downloaded
receita_expanded-50eec33374e597e4,receita_expanded,2024,Centis - RB2 - UFIII (AC2024).xlsx,xlsx,expanded_regional,https://www.gov.br/receitafederal/pt-br/centrais-de-conteudo/publicacoes/estudos/distribuicao-da-renda/distribuicao-de-renda-por-centis-estudo-ampliado-2017-a-2023/2024,https://www.gov.br/receitafederal/pt-br/centrais-de-conteudo/publicacoes/estudos/distribuicao-da-renda/distribuicao-de-renda-por-centis-estudo-ampliado-2017-a-2023/2024/centis-rb2-ufiii-ac2024.xlsx/@@download/file,centis-rb2-ufiii-ac2024.xlsx,data/raw/receita_expanded/2024/centis-rb2-ufiii-ac2024.xlsx,2026-08-10 05:03:23 UTC,2314791,7241873ca214e5aeaa8f862f2431bd0022bada6a98a2c01a79d6beaeca19f548,downloaded
receita_expanded-4c810cfe32399494,receita_expanded,2024,Centis - RB3 - UFIV (AC2024).xlsx,xlsx,expanded_regional,https://www.gov.br/receitafederal/pt-br/centrais-de-conteudo/publicacoes/estudos/distribuicao-da-renda/distribuicao-de-renda-por-centis-estudo-ampliado-2017-a-2023/2024,https://www.gov.br/receitafederal/pt-br/centrais-de-conteudo/publicacoes/estudos/distribuicao-da-renda/distribuicao-de-renda-por-centis-estudo-ampliado-2017-a-2023/2024/centis-rb3-ufiv-ac2024.xlsx/@@download/file,centis-rb3-ufiv-ac2024.xlsx,data/raw/receita_expanded/2024/centis-rb3-ufiv-ac2024.xlsx,2026-08-10 05:03:24 UTC,2293094,538b1b1e04d6e65cda256c3b4c0256e4e7d81b35ea72ccb83f80976aec019900,downloaded
receita_expanded-630d7ca3aa039336,receita_expanded,2024,Centis - RB4 - UFV (AC2024).xlsx,xlsx,expanded_regional,https://www.gov.br/receitafederal/pt-br/centrais-de-conteudo/publicacoes/estudos/distribuicao-da-renda/distribuicao-de-renda-por-centis-estudo-ampliado-2017-a-2023/2024,https://www.gov.br/receitafederal/pt-br/centrais-de-conteudo/publicacoes/estudos/distribuicao-da-renda/distribuicao-de-renda-por-centis-estudo-ampliado-2017-a-2023/2024/centis-rb4-ufv-ac2024.xlsx/@@download/file,centis-rb4-ufv-ac2024.xlsx,data/raw/receita_expanded/2024/centis-rb4-ufv-ac2024.xlsx,2026-08-10 05:03:25 UTC,2286518,7347df93a59f6fb999d39e6c673daf27a6a5b1c316206efa491f502dc55a576c,downloaded
receita_expanded-9b69a060f249f5b5,receita_expanded,2024,Centis - RB5 - UFVI (AC2024).xlsx,xlsx,expanded_regional,https://www.gov.br/receitafederal/pt-br/centrais-de-conteudo/publicacoes/estudos/distribuicao-da-renda/distribuicao-de-renda-por-centis-estudo-ampliado-2017-a-2023/2024,https://www.gov.br/receitafederal/pt-br/centrais-de-conteudo/publicacoes/estudos/distribuicao-da-renda/distribuicao-de-renda-por-centis-estudo-ampliado-2017-a-2023/2024/centis-rb5-ufvi-ac2024.xlsx/@@download/file,centis-rb5-ufvi-ac2024.xlsx,data/raw/receita_expanded/2024/centis-rb5-ufvi-ac2024.xlsx,2026-08-10 05:03:26 UTC,2166218,d15b96828540003974bc8f5aa1900d48df4c98abae1e0435c12c4113673ff696,downloaded
receita_expanded-30403ec7cd832776,receita_expanded,2024,Centis - RB6 - UFVII (AC2024).xlsx,xlsx,expanded_regional,https://www.gov.br/receitafederal/pt-br/centrais-de-conteudo/publicacoes/estudos/distribuicao-da-renda/distribuicao-de-renda-por-centis-estudo-ampliado-2017-a-2023/2024,https://www.gov.br/receitafederal/pt-br/centrais-de-conteudo/publicacoes/estudos/distribuicao-da-renda/distribuicao-de-renda-por-centis-estudo-ampliado-2017-a-2023/2024/centis-rb6-ufvii-ac2024.xlsx/@@download/file,centis-rb6-ufvii-ac2024.xlsx,data/raw/receita_expanded/2024/centis-rb6-ufvii-ac2024.xlsx,2026-08-10 05:03:26 UTC,2303870,eb519ad8c60462b4eb2940e1122d02aa1bdca9612a97954385296f0ea40a52fb,downloaded
receita_expanded-56522b3ddabcd87c,receita_expanded,2024,Centis - RB7 - UFVIII (AC2024).xlsx,xlsx,expanded_regional,https://www.gov.br/receitafederal/pt-br/centrais-de-conteudo/publicacoes/estudos/distribuicao-da-renda/distribuicao-de-renda-por-centis-estudo-ampliado-2017-a-2023/2024,https://www.gov.br/receitafederal/pt-br/centrais-de-conteudo/publicacoes/estudos/distribuicao-da-renda/distribuicao-de-renda-por-centis-estudo-ampliado-2017-a-2023/2024/centis-rb7-ufviii-ac2024.xlsx/@@download/file,centis-rb7-ufviii-ac2024.xlsx,data/raw/receita_expanded/2024/centis-rb7-ufviii-ac2024.xlsx,2026-08-10 05:03:27 UTC,2317596,cd2640a54e5d23462e8d135b91a4375c33ca12184cd7d23a6813c288b81eeaab,downloaded
receita_expanded-c5d5b9e00fdd7f57,receita_expanded,2024,Centis - RB8 - UFIX (AC2024).xlsx,xlsx,expanded_regional,https://www.gov.br/receitafederal/pt-br/centrais-de-conteudo/publicacoes/estudos/distribuicao-da-renda/distribuicao-de-renda-por-centis-estudo-ampliado-2017-a-2023/2024,https://www.gov.br/receitafederal/pt-br/centrais-de-conteudo/publicacoes/estudos/distribuicao-da-renda/distribuicao-de-renda-por-centis-estudo-ampliado-2017-a-2023/2024/centis-rb8-ufix-ac2024.xlsx/@@download/file,centis-rb8-ufix-ac2024.xlsx,data/raw/receita_expanded/2024/centis-rb8-ufix-ac2024.xlsx,2026-08-10 05:03:28 UTC,2295192,e680c0b70a0f7af2ee2dc040c4ecb9e56c6cd0913814facdecf15bbbfc6f6fd1,downloaded
receita_expanded-d232a9498e7153f7,receita_expanded,2024,Centis - RB9 - UFX (AC2024).xlsx,xlsx,expanded_regional,https://www.gov.br/receitafederal/pt-br/centrais-de-conteudo/publicacoes/estudos/distribuicao-da-renda/distribuicao-de-renda-por-centis-estudo-ampliado-2017-a-2023/2024,https://www.gov.br/receitafederal/pt-br/centrais-de-conteudo/publicacoes/estudos/distribuicao-da-renda/distribuicao-de-renda-por-centis-estudo-ampliado-2017-a-2023/2024/centis-rb9-ufx-ac2024.xlsx/@@download/file,centis-rb9-ufx-ac2024.xlsx,data/raw/receita_expanded/2024/centis-rb9-ufx-ac2024.xlsx,2026-08-10 05:03:28 UTC,2174284,3f27286526105d8fb56d5edbc4f1f0c3e7138a2d6b65a34d41d56ca8c6f521b2,downloaded
receita_expanded-b3cf29d72e7efe72,receita_expanded,2024,Centis - RTB - UFI (AC2024).xlsx,xlsx,expanded_regional,https://www.gov.br/receitafederal/pt-br/centrais-de-conteudo/publicacoes/estudos/distribuicao-da-renda/distribuicao-de-renda-por-centis-estudo-ampliado-2017-a-2023/2024,https://www.gov.br/receitafederal/pt-br/centrais-de-conteudo/publicacoes/estudos/distribuicao-da-renda/distribuicao-de-renda-por-centis-estudo-ampliado-2017-a-2023/2024/centis-rtb-ufi-ac2024.xlsx/@@download/file,centis-rtb-ufi-ac2024.xlsx,data/raw/receita_expanded/2024/centis-rtb-ufi-ac2024.xlsx,2026-08-10 05:03:29 UTC,2313711,6fcf13feffb382565bee127dce4813e84a34b63abdbf9c989156ca80e72e18fd,downloaded
receita_expanded-24b41c1f0aae8630,receita_expanded,2024,Metadados - Centis - AC2024.pdf,pdf,metadata,https://www.gov.br/receitafederal/pt-br/centrais-de-conteudo/publicacoes/estudos/distribuicao-da-renda/distribuicao-de-renda-por-centis-estudo-ampliado-2017-a-2023/2024,https://www.gov.br/receitafederal/pt-br/centrais-de-conteudo/publicacoes/estudos/distribuicao-da-renda/distribuicao-de-renda-por-centis-estudo-ampliado-2017-a-2023/2024/metadados-centis-ac2024.pdf/@@download/file,metadados-centis-ac2024.pdf,data/metadata/official/receita_expanded/2024/metadados-centis-ac2024.pdf,2026-08-10 05:03:29 UTC,391049,3e2aa2a9ec76f7ce71ab471e4983b5ac28c8f929058bca412281d1a4505a6152,downloaded
receita_wealth-6b4ec8199a69d0a4,receita_wealth,,Distribuicao de Bens e Direitos - Tabela 3.xlsx,xlsx,wealth_historical,https://www.gov.br/receitafederal/pt-br/centrais-de-conteudo/publicacoes/estudos/distribuicao-da-renda/distribuicao-dos-bens-e-direitos-por-centis-de-2006-a-2021,https://www.gov.br/receitafederal/pt-br/centrais-de-conteudo/publicacoes/estudos/distribuicao-da-renda/distribuicao-dos-bens-e-direitos-por-centis-de-2006-a-2021/distribuicao-de-bens-e-direitos-3.xlsx/@@download/file,distribuicao-de-bens-e-direitos-3.xlsx,data/raw/receita_wealth/historical/distribuicao-de-bens-e-direitos-3.xlsx,2026-08-10 05:03:30 UTC,771948,578eb7006433ca7c80d9a4d85dcf1026de47700fa87afa66896972ad145ba7c2,downloaded
receita_wealth-b05b3b834ade8c46,receita_wealth,,Distribuicao de Bens e Direitos - Tabela 1.xlsx,xlsx,wealth_historical,https://www.gov.br/receitafederal/pt-br/centrais-de-conteudo/publicacoes/estudos/distribuicao-da-renda/distribuicao-dos-bens-e-direitos-por-centis-de-2006-a-2021,https://www.gov.br/receitafederal/pt-br/centrais-de-conteudo/publicacoes/estudos/distribuicao-da-renda/distribuicao-dos-bens-e-direitos-por-centis-de-2006-a-2021/distribuicao-de-bens-e-direitos-tabela-1.xlsx/@@download/file,distribuicao-de-bens-e-direitos-tabela-1.xlsx,data/raw/receita_wealth/historical/distribuicao-de-bens-e-direitos-tabela-1.xlsx,2026-08-10 05:03:30 UTC,715539,3eee48b8eb34bd06c161e3468922a9566ad3cfcdf71c03b1441be8bab61dbaa0,downloaded
receita_wealth-02a34719afa787d2,receita_wealth,,Distribuicao de Bens e Direitos - Tabela 2.xlsx,xlsx,wealth_historical,https://www.gov.br/receitafederal/pt-br/centrais-de-conteudo/publicacoes/estudos/distribuicao-da-renda/distribuicao-dos-bens-e-direitos-por-centis-de-2006-a-2021,https://www.gov.br/receitafederal/pt-br/centrais-de-conteudo/publicacoes/estudos/distribuicao-da-renda/distribuicao-dos-bens-e-direitos-por-centis-de-2006-a-2021/distribuicao-de-bens-e-direitos-tabela-2.xlsx/@@download/file,distribuicao-de-bens-e-direitos-tabela-2.xlsx,data/raw/receita_wealth/historical/distribuicao-de-bens-e-direitos-tabela-2.xlsx,2026-08-10 05:03:30 UTC,724875,144a129f8dbcf48cb0e17c5b6dfcf46abed0bb34278537e6b11f3c7c84630729,downloaded
receita_wealth-25e731605fb2309c,receita_wealth,,Metadados Centis Bens e Direitos AC 2006 a 2021.pdf,pdf,metadata,https://www.gov.br/receitafederal/pt-br/centrais-de-conteudo/publicacoes/estudos/distribuicao-da-renda/distribuicao-dos-bens-e-direitos-por-centis-de-2006-a-2021,https://www.gov.br/receitafederal/pt-br/centrais-de-conteudo/publicacoes/estudos/distribuicao-da-renda/distribuicao-dos-bens-e-direitos-por-centis-de-2006-a-2021/metadados-centis-bens-e-direitos-ac-2006-a-2021.pdf/@@download/file,metadados-centis-bens-e-direitos-ac-2006-a-2021.pdf,data/metadata/official/receita_wealth/historical/metadados-centis-bens-e-direitos-ac-2006-a-2021.pdf,2026-08-10 05:03:30 UTC,225990,9005427ddb8fe645a218bc06f51d54d63f5b0eb313d1e18eb6cc3c6439b964ed,downloaded
