source_id,dataset_family,year,label,extension,layout,page_url,url_view,download_url,file_name
receita_expanded-fb2f407e9d63df53,receita_expanded,2017,"Capa, Metodologia e Metadados - Centis - 2017 a 2022.pdf",pdf,metadata,https://www.gov.br/receitafederal/pt-br/centrais-de-conteudo/publicacoes/estudos/distribuicao-da-renda/distribuicao-de-renda-por-centis-estudo-ampliado-2017-a-2023/2017,https://www.gov.br/receitafederal/pt-br/centrais-de-conteudo/publicacoes/estudos/distribuicao-da-renda/distribuicao-de-renda-por-centis-estudo-ampliado-2017-a-2023/2017/capa-metodologia-e-metadados-centis-2017-a-2022.pdf/view,https://www.gov.br/receitafederal/pt-br/centrais-de-conteudo/publicacoes/estudos/distribuicao-da-renda/distribuicao-de-renda-por-centis-estudo-ampliado-2017-a-2023/2017/capa-metodologia-e-metadados-centis-2017-a-2022.pdf/@@download/file,capa-metodologia-e-metadados-centis-2017-a-2022.pdf
receita_expanded-ead8bd30f861afbe,receita_expanded,2017,Distribuição de Renda por Centis 2017.xlsx,xlsx,expanded_monolithic,https://www.gov.br/receitafederal/pt-br/centrais-de-conteudo/publicacoes/estudos/distribuicao-da-renda/distribuicao-de-renda-por-centis-estudo-ampliado-2017-a-2023/2017,https://www.gov.br/receitafederal/pt-br/centrais-de-conteudo/publicacoes/estudos/distribuicao-da-renda/distribuicao-de-renda-por-centis-estudo-ampliado-2017-a-2023/2017/distribuicao-de-renda-por-centis-2017.xlsx/view,https://www.gov.br/receitafederal/pt-br/centrais-de-conteudo/publicacoes/estudos/distribuicao-da-renda/distribuicao-de-renda-por-centis-estudo-ampliado-2017-a-2023/2017/distribuicao-de-renda-por-centis-2017.xlsx/@@download/file,distribuicao-de-renda-por-centis-2017.xlsx
receita_expanded-8bbb713558093f9d,receita_expanded,2018,"Capa, Metodologia e Metadados - Centis - 2017 a 2022.pdf",pdf,metadata,https://www.gov.br/receitafederal/pt-br/centrais-de-conteudo/publicacoes/estudos/distribuicao-da-renda/distribuicao-de-renda-por-centis-estudo-ampliado-2017-a-2023/2018,https://www.gov.br/receitafederal/pt-br/centrais-de-conteudo/publicacoes/estudos/distribuicao-da-renda/distribuicao-de-renda-por-centis-estudo-ampliado-2017-a-2023/2018/capa-metodologia-e-metadados-centis-2017-a-2022.pdf/view,https://www.gov.br/receitafederal/pt-br/centrais-de-conteudo/publicacoes/estudos/distribuicao-da-renda/distribuicao-de-renda-por-centis-estudo-ampliado-2017-a-2023/2018/capa-metodologia-e-metadados-centis-2017-a-2022.pdf/@@download/file,capa-metodologia-e-metadados-centis-2017-a-2022.pdf
receita_expanded-6000df26634c7792,receita_expanded,2018,Distribuição de Renda por Centis 2018.xlsx,xlsx,expanded_monolithic,https://www.gov.br/receitafederal/pt-br/centrais-de-conteudo/publicacoes/estudos/distribuicao-da-renda/distribuicao-de-renda-por-centis-estudo-ampliado-2017-a-2023/2018,https://www.gov.br/receitafederal/pt-br/centrais-de-conteudo/publicacoes/estudos/distribuicao-da-renda/distribuicao-de-renda-por-centis-estudo-ampliado-2017-a-2023/2018/distribuicao-de-renda-por-centis-2018.xlsx/view,https://www.gov.br/receitafederal/pt-br/centrais-de-conteudo/publicacoes/estudos/distribuicao-da-renda/distribuicao-de-renda-por-centis-estudo-ampliado-2017-a-2023/2018/distribuicao-de-renda-por-centis-2018.xlsx/@@download/file,distribuicao-de-renda-por-centis-2018.xlsx
receita_expanded-880c7182dab00f2f,receita_expanded,2019,"Capa, Metodologia e Metadados - Centis - 2017 a 2022.pdf",pdf,metadata,https://www.gov.br/receitafederal/pt-br/centrais-de-conteudo/publicacoes/estudos/distribuicao-da-renda/distribuicao-de-renda-por-centis-estudo-ampliado-2017-a-2023/2019,https://www.gov.br/receitafederal/pt-br/centrais-de-conteudo/publicacoes/estudos/distribuicao-da-renda/distribuicao-de-renda-por-centis-estudo-ampliado-2017-a-2023/2019/capa-metodologia-e-metadados-centis-2017-a-2022.pdf/view,https://www.gov.br/receitafederal/pt-br/centrais-de-conteudo/publicacoes/estudos/distribuicao-da-renda/distribuicao-de-renda-por-centis-estudo-ampliado-2017-a-2023/2019/capa-metodologia-e-metadados-centis-2017-a-2022.pdf/@@download/file,capa-metodologia-e-metadados-centis-2017-a-2022.pdf
receita_expanded-4b515bc9e9a91292,receita_expanded,2019,Distribuição de Renda por Centis 2019.xlsx,xlsx,expanded_monolithic,https://www.gov.br/receitafederal/pt-br/centrais-de-conteudo/publicacoes/estudos/distribuicao-da-renda/distribuicao-de-renda-por-centis-estudo-ampliado-2017-a-2023/2019,https://www.gov.br/receitafederal/pt-br/centrais-de-conteudo/publicacoes/estudos/distribuicao-da-renda/distribuicao-de-renda-por-centis-estudo-ampliado-2017-a-2023/2019/distribuicao-de-renda-por-centis-2019.xlsx/view,https://www.gov.br/receitafederal/pt-br/centrais-de-conteudo/publicacoes/estudos/distribuicao-da-renda/distribuicao-de-renda-por-centis-estudo-ampliado-2017-a-2023/2019/distribuicao-de-renda-por-centis-2019.xlsx/@@download/file,distribuicao-de-renda-por-centis-2019.xlsx
receita_expanded-86f9f8485423e2e7,receita_expanded,2020,"Capa, Metodologia e Metadados - Centis - 2017 a 2022.pdf",pdf,metadata,https://www.gov.br/receitafederal/pt-br/centrais-de-conteudo/publicacoes/estudos/distribuicao-da-renda/distribuicao-de-renda-por-centis-estudo-ampliado-2017-a-2023/2020,https://www.gov.br/receitafederal/pt-br/centrais-de-conteudo/publicacoes/estudos/distribuicao-da-renda/distribuicao-de-renda-por-centis-estudo-ampliado-2017-a-2023/2020/capa-metodologia-e-metadados-centis-2017-a-2022.pdf/view,https://www.gov.br/receitafederal/pt-br/centrais-de-conteudo/publicacoes/estudos/distribuicao-da-renda/distribuicao-de-renda-por-centis-estudo-ampliado-2017-a-2023/2020/capa-metodologia-e-metadados-centis-2017-a-2022.pdf/@@download/file,capa-metodologia-e-metadados-centis-2017-a-2022.pdf
receita_expanded-1369dc8f7f99faf2,receita_expanded,2020,Distribuição de Renda por Centis 2020.xlsx,xlsx,expanded_monolithic,https://www.gov.br/receitafederal/pt-br/centrais-de-conteudo/publicacoes/estudos/distribuicao-da-renda/distribuicao-de-renda-por-centis-estudo-ampliado-2017-a-2023/2020,https://www.gov.br/receitafederal/pt-br/centrais-de-conteudo/publicacoes/estudos/distribuicao-da-renda/distribuicao-de-renda-por-centis-estudo-ampliado-2017-a-2023/2020/distribuicao-de-renda-por-centis-2020.xlsx/view,https://www.gov.br/receitafederal/pt-br/centrais-de-conteudo/publicacoes/estudos/distribuicao-da-renda/distribuicao-de-renda-por-centis-estudo-ampliado-2017-a-2023/2020/distribuicao-de-renda-por-centis-2020.xlsx/@@download/file,distribuicao-de-renda-por-centis-2020.xlsx
receita_expanded-5e9c16eb86be0da5,receita_expanded,2021,"Capa, Metodologia e Metadados - Centis - 2017 a 2022.pdf",pdf,metadata,https://www.gov.br/receitafederal/pt-br/centrais-de-conteudo/publicacoes/estudos/distribuicao-da-renda/distribuicao-de-renda-por-centis-estudo-ampliado-2017-a-2023/2021,https://www.gov.br/receitafederal/pt-br/centrais-de-conteudo/publicacoes/estudos/distribuicao-da-renda/distribuicao-de-renda-por-centis-estudo-ampliado-2017-a-2023/2021/capa-metodologia-e-metadados-centis-2017-a-2022.pdf/view,https://www.gov.br/receitafederal/pt-br/centrais-de-conteudo/publicacoes/estudos/distribuicao-da-renda/distribuicao-de-renda-por-centis-estudo-ampliado-2017-a-2023/2021/capa-metodologia-e-metadados-centis-2017-a-2022.pdf/@@download/file,capa-metodologia-e-metadados-centis-2017-a-2022.pdf
receita_expanded-8899cd76929c5959,receita_expanded,2021,Distribuição de Renda por Centis 2021.xlsx,xlsx,expanded_monolithic,https://www.gov.br/receitafederal/pt-br/centrais-de-conteudo/publicacoes/estudos/distribuicao-da-renda/distribuicao-de-renda-por-centis-estudo-ampliado-2017-a-2023/2021,https://www.gov.br/receitafederal/pt-br/centrais-de-conteudo/publicacoes/estudos/distribuicao-da-renda/distribuicao-de-renda-por-centis-estudo-ampliado-2017-a-2023/2021/distribuicao-de-renda-por-centis-2021.xlsx/view,https://www.gov.br/receitafederal/pt-br/centrais-de-conteudo/publicacoes/estudos/distribuicao-da-renda/distribuicao-de-renda-por-centis-estudo-ampliado-2017-a-2023/2021/distribuicao-de-renda-por-centis-2021.xlsx/@@download/file,distribuicao-de-renda-por-centis-2021.xlsx
receita_expanded-1a18a560893cb1d3,receita_expanded,2022,Centis - BR_AC2022_abril_2025.xlsx,xlsx,expanded_national,https://www.gov.br/receitafederal/pt-br/centrais-de-conteudo/publicacoes/estudos/distribuicao-da-renda/distribuicao-de-renda-por-centis-estudo-ampliado-2017-a-2023/2022,https://www.gov.br/receitafederal/pt-br/centrais-de-conteudo/publicacoes/estudos/distribuicao-da-renda/distribuicao-de-renda-por-centis-estudo-ampliado-2017-a-2023/2022/centis-br_ac2022_abril_2025.xlsx/view,https://www.gov.br/receitafederal/pt-br/centrais-de-conteudo/publicacoes/estudos/distribuicao-da-renda/distribuicao-de-renda-por-centis-estudo-ampliado-2017-a-2023/2022/centis-br_ac2022_abril_2025.xlsx/@@download/file,centis-br_ac2022_abril_2025.xlsx
receita_expanded-025ae38cbbdeec7e,receita_expanded,2022,Centis - RB1 - UFII_AC2022_abril_2025.xlsx,xlsx,expanded_regional,https://www.gov.br/receitafederal/pt-br/centrais-de-conteudo/publicacoes/estudos/distribuicao-da-renda/distribuicao-de-renda-por-centis-estudo-ampliado-2017-a-2023/2022,https://www.gov.br/receitafederal/pt-br/centrais-de-conteudo/publicacoes/estudos/distribuicao-da-renda/distribuicao-de-renda-por-centis-estudo-ampliado-2017-a-2023/2022/centis-rb1-ufii_ac2022_abril_2025.xlsx/view,https://www.gov.br/receitafederal/pt-br/centrais-de-conteudo/publicacoes/estudos/distribuicao-da-renda/distribuicao-de-renda-por-centis-estudo-ampliado-2017-a-2023/2022/centis-rb1-ufii_ac2022_abril_2025.xlsx/@@download/file,centis-rb1-ufii_ac2022_abril_2025.xlsx
receita_expanded-fcf7d3bbf9d1d89a,receita_expanded,2022,Centis - RB10 - UFXI_AC2022_abril_2025.xlsx,xlsx,expanded_regional,https://www.gov.br/receitafederal/pt-br/centrais-de-conteudo/publicacoes/estudos/distribuicao-da-renda/distribuicao-de-renda-por-centis-estudo-ampliado-2017-a-2023/2022,https://www.gov.br/receitafederal/pt-br/centrais-de-conteudo/publicacoes/estudos/distribuicao-da-renda/distribuicao-de-renda-por-centis-estudo-ampliado-2017-a-2023/2022/centis-rb10-ufxi_ac2022_abril_2025.xlsx/view,https://www.gov.br/receitafederal/pt-br/centrais-de-conteudo/publicacoes/estudos/distribuicao-da-renda/distribuicao-de-renda-por-centis-estudo-ampliado-2017-a-2023/2022/centis-rb10-ufxi_ac2022_abril_2025.xlsx/@@download/file,centis-rb10-ufxi_ac2022_abril_2025.xlsx
receita_expanded-39f53f39aa9482c4,receita_expanded,2022,Centis - RB2 - UFIII_AC2022_abril_2025.xlsx,xlsx,expanded_regional,https://www.gov.br/receitafederal/pt-br/centrais-de-conteudo/publicacoes/estudos/distribuicao-da-renda/distribuicao-de-renda-por-centis-estudo-ampliado-2017-a-2023/2022,https://www.gov.br/receitafederal/pt-br/centrais-de-conteudo/publicacoes/estudos/distribuicao-da-renda/distribuicao-de-renda-por-centis-estudo-ampliado-2017-a-2023/2022/centis-rb2-ufiii_ac2022_abril_2025.xlsx/view,https://www.gov.br/receitafederal/pt-br/centrais-de-conteudo/publicacoes/estudos/distribuicao-da-renda/distribuicao-de-renda-por-centis-estudo-ampliado-2017-a-2023/2022/centis-rb2-ufiii_ac2022_abril_2025.xlsx/@@download/file,centis-rb2-ufiii_ac2022_abril_2025.xlsx
receita_expanded-366a8182db234148,receita_expanded,2022,Centis - RB3 - UFIV_AC2022_abril_2025.xlsx,xlsx,expanded_regional,https://www.gov.br/receitafederal/pt-br/centrais-de-conteudo/publicacoes/estudos/distribuicao-da-renda/distribuicao-de-renda-por-centis-estudo-ampliado-2017-a-2023/2022,https://www.gov.br/receitafederal/pt-br/centrais-de-conteudo/publicacoes/estudos/distribuicao-da-renda/distribuicao-de-renda-por-centis-estudo-ampliado-2017-a-2023/2022/centis-rb3-ufiv_ac2022_abril_2025.xlsx/view,https://www.gov.br/receitafederal/pt-br/centrais-de-conteudo/publicacoes/estudos/distribuicao-da-renda/distribuicao-de-renda-por-centis-estudo-ampliado-2017-a-2023/2022/centis-rb3-ufiv_ac2022_abril_2025.xlsx/@@download/file,centis-rb3-ufiv_ac2022_abril_2025.xlsx
receita_expanded-8cef1567336564df,receita_expanded,2022,Centis - RB4 - UFV_AC2022_abril_2025.xlsx,xlsx,expanded_regional,https://www.gov.br/receitafederal/pt-br/centrais-de-conteudo/publicacoes/estudos/distribuicao-da-renda/distribuicao-de-renda-por-centis-estudo-ampliado-2017-a-2023/2022,https://www.gov.br/receitafederal/pt-br/centrais-de-conteudo/publicacoes/estudos/distribuicao-da-renda/distribuicao-de-renda-por-centis-estudo-ampliado-2017-a-2023/2022/centis-rb4-ufv_ac2022_abril_2025.xlsx/view,https://www.gov.br/receitafederal/pt-br/centrais-de-conteudo/publicacoes/estudos/distribuicao-da-renda/distribuicao-de-renda-por-centis-estudo-ampliado-2017-a-2023/2022/centis-rb4-ufv_ac2022_abril_2025.xlsx/@@download/file,centis-rb4-ufv_ac2022_abril_2025.xlsx
receita_expanded-c928567242bb168a,receita_expanded,2022,Centis - RB5 - UFVI_AC2022_abril_2025.xlsx,xlsx,expanded_regional,https://www.gov.br/receitafederal/pt-br/centrais-de-conteudo/publicacoes/estudos/distribuicao-da-renda/distribuicao-de-renda-por-centis-estudo-ampliado-2017-a-2023/2022,https://www.gov.br/receitafederal/pt-br/centrais-de-conteudo/publicacoes/estudos/distribuicao-da-renda/distribuicao-de-renda-por-centis-estudo-ampliado-2017-a-2023/2022/centis-rb5-ufvi_ac2022_abril_2025.xlsx/view,https://www.gov.br/receitafederal/pt-br/centrais-de-conteudo/publicacoes/estudos/distribuicao-da-renda/distribuicao-de-renda-por-centis-estudo-ampliado-2017-a-2023/2022/centis-rb5-ufvi_ac2022_abril_2025.xlsx/@@download/file,centis-rb5-ufvi_ac2022_abril_2025.xlsx
receita_expanded-451bdc2ea1ad9a66,receita_expanded,2022,Centis - RB6 - UFVII_AC2022_abril_2025.xlsx,xlsx,expanded_regional,https://www.gov.br/receitafederal/pt-br/centrais-de-conteudo/publicacoes/estudos/distribuicao-da-renda/distribuicao-de-renda-por-centis-estudo-ampliado-2017-a-2023/2022,https://www.gov.br/receitafederal/pt-br/centrais-de-conteudo/publicacoes/estudos/distribuicao-da-renda/distribuicao-de-renda-por-centis-estudo-ampliado-2017-a-2023/2022/centis-rb6-ufvii_ac2022_abril_2025.xlsx/view,https://www.gov.br/receitafederal/pt-br/centrais-de-conteudo/publicacoes/estudos/distribuicao-da-renda/distribuicao-de-renda-por-centis-estudo-ampliado-2017-a-2023/2022/centis-rb6-ufvii_ac2022_abril_2025.xlsx/@@download/file,centis-rb6-ufvii_ac2022_abril_2025.xlsx
receita_expanded-4757b063e2149fff,receita_expanded,2022,Centis - RB7 - UFVIII_AC2022_abril_2025.xlsx,xlsx,expanded_regional,https://www.gov.br/receitafederal/pt-br/centrais-de-conteudo/publicacoes/estudos/distribuicao-da-renda/distribuicao-de-renda-por-centis-estudo-ampliado-2017-a-2023/2022,https://www.gov.br/receitafederal/pt-br/centrais-de-conteudo/publicacoes/estudos/distribuicao-da-renda/distribuicao-de-renda-por-centis-estudo-ampliado-2017-a-2023/2022/centis-rb7-ufviii_ac2022_abril_2025.xlsx/view,https://www.gov.br/receitafederal/pt-br/centrais-de-conteudo/publicacoes/estudos/distribuicao-da-renda/distribuicao-de-renda-por-centis-estudo-ampliado-2017-a-2023/2022/centis-rb7-ufviii_ac2022_abril_2025.xlsx/@@download/file,centis-rb7-ufviii_ac2022_abril_2025.xlsx
receita_expanded-d2027942ec158e99,receita_expanded,2022,Centis - RB8 - UFIX_AC2022_abril_2025.xlsx,xlsx,expanded_regional,https://www.gov.br/receitafederal/pt-br/centrais-de-conteudo/publicacoes/estudos/distribuicao-da-renda/distribuicao-de-renda-por-centis-estudo-ampliado-2017-a-2023/2022,https://www.gov.br/receitafederal/pt-br/centrais-de-conteudo/publicacoes/estudos/distribuicao-da-renda/distribuicao-de-renda-por-centis-estudo-ampliado-2017-a-2023/2022/centis-rb8-ufix_ac2022_abril_2025.xlsx/view,https://www.gov.br/receitafederal/pt-br/centrais-de-conteudo/publicacoes/estudos/distribuicao-da-renda/distribuicao-de-renda-por-centis-estudo-ampliado-2017-a-2023/2022/centis-rb8-ufix_ac2022_abril_2025.xlsx/@@download/file,centis-rb8-ufix_ac2022_abril_2025.xlsx
receita_expanded-32e29e970c17da62,receita_expanded,2022,Centis - RB9 - UFX_AC2022_abril_2025.xlsx,xlsx,expanded_regional,https://www.gov.br/receitafederal/pt-br/centrais-de-conteudo/publicacoes/estudos/distribuicao-da-renda/distribuicao-de-renda-por-centis-estudo-ampliado-2017-a-2023/2022,https://www.gov.br/receitafederal/pt-br/centrais-de-conteudo/publicacoes/estudos/distribuicao-da-renda/distribuicao-de-renda-por-centis-estudo-ampliado-2017-a-2023/2022/centis-rb9-ufx_ac2022_abril_2025.xlsx/view,https://www.gov.br/receitafederal/pt-br/centrais-de-conteudo/publicacoes/estudos/distribuicao-da-renda/distribuicao-de-renda-por-centis-estudo-ampliado-2017-a-2023/2022/centis-rb9-ufx_ac2022_abril_2025.xlsx/@@download/file,centis-rb9-ufx_ac2022_abril_2025.xlsx
receita_expanded-ceaca4dd770f63a8,receita_expanded,2022,Centis - RTB - UFI_AC2022_abril_2025.xlsx,xlsx,expanded_regional,https://www.gov.br/receitafederal/pt-br/centrais-de-conteudo/publicacoes/estudos/distribuicao-da-renda/distribuicao-de-renda-por-centis-estudo-ampliado-2017-a-2023/2022,https://www.gov.br/receitafederal/pt-br/centrais-de-conteudo/publicacoes/estudos/distribuicao-da-renda/distribuicao-de-renda-por-centis-estudo-ampliado-2017-a-2023/2022/centis-rtb-ufi_ac2022_abril_2025.xlsx/view,https://www.gov.br/receitafederal/pt-br/centrais-de-conteudo/publicacoes/estudos/distribuicao-da-renda/distribuicao-de-renda-por-centis-estudo-ampliado-2017-a-2023/2022/centis-rtb-ufi_ac2022_abril_2025.xlsx/@@download/file,centis-rtb-ufi_ac2022_abril_2025.xlsx
receita_expanded-28160e503c138b08,receita_expanded,2022,Metadados - Centis - AC 2022_abril_2025.pdf,pdf,metadata,https://www.gov.br/receitafederal/pt-br/centrais-de-conteudo/publicacoes/estudos/distribuicao-da-renda/distribuicao-de-renda-por-centis-estudo-ampliado-2017-a-2023/2022,https://www.gov.br/receitafederal/pt-br/centrais-de-conteudo/publicacoes/estudos/distribuicao-da-renda/distribuicao-de-renda-por-centis-estudo-ampliado-2017-a-2023/2022/metadados-centis-ac-2022_abril_2025.pdf/view,https://www.gov.br/receitafederal/pt-br/centrais-de-conteudo/publicacoes/estudos/distribuicao-da-renda/distribuicao-de-renda-por-centis-estudo-ampliado-2017-a-2023/2022/metadados-centis-ac-2022_abril_2025.pdf/@@download/file,metadados-centis-ac-2022_abril_2025.pdf
receita_expanded-e935d6379f65b197,receita_expanded,2023,Centis - BR (AC2023 - versão Nov 2025).xlsx,xlsx,expanded_national,https://www.gov.br/receitafederal/pt-br/centrais-de-conteudo/publicacoes/estudos/distribuicao-da-renda/distribuicao-de-renda-por-centis-estudo-ampliado-2017-a-2023/2023,https://www.gov.br/receitafederal/pt-br/centrais-de-conteudo/publicacoes/estudos/distribuicao-da-renda/distribuicao-de-renda-por-centis-estudo-ampliado-2017-a-2023/2023/centis-br-ac2023-versao-nov-2025.xlsx/view,https://www.gov.br/receitafederal/pt-br/centrais-de-conteudo/publicacoes/estudos/distribuicao-da-renda/distribuicao-de-renda-por-centis-estudo-ampliado-2017-a-2023/2023/centis-br-ac2023-versao-nov-2025.xlsx/@@download/file,centis-br-ac2023-versao-nov-2025.xlsx
receita_expanded-ae4c4107cfc7fe04,receita_expanded,2023,Centis - RB1 - UFII (AC2023 - versão Nov 2025).xlsx,xlsx,expanded_regional,https://www.gov.br/receitafederal/pt-br/centrais-de-conteudo/publicacoes/estudos/distribuicao-da-renda/distribuicao-de-renda-por-centis-estudo-ampliado-2017-a-2023/2023,https://www.gov.br/receitafederal/pt-br/centrais-de-conteudo/publicacoes/estudos/distribuicao-da-renda/distribuicao-de-renda-por-centis-estudo-ampliado-2017-a-2023/2023/centis-rb1-ufii-ac2023-versao-nov-2025.xlsx/view,https://www.gov.br/receitafederal/pt-br/centrais-de-conteudo/publicacoes/estudos/distribuicao-da-renda/distribuicao-de-renda-por-centis-estudo-ampliado-2017-a-2023/2023/centis-rb1-ufii-ac2023-versao-nov-2025.xlsx/@@download/file,centis-rb1-ufii-ac2023-versao-nov-2025.xlsx
receita_expanded-090b3607ee6c3549,receita_expanded,2023,Centis - RB10 - UFXI (AC2023 - versão Nov 2025).xlsx,xlsx,expanded_regional,https://www.gov.br/receitafederal/pt-br/centrais-de-conteudo/publicacoes/estudos/distribuicao-da-renda/distribuicao-de-renda-por-centis-estudo-ampliado-2017-a-2023/2023,https://www.gov.br/receitafederal/pt-br/centrais-de-conteudo/publicacoes/estudos/distribuicao-da-renda/distribuicao-de-renda-por-centis-estudo-ampliado-2017-a-2023/2023/centis-rb10-ufxi-ac2023-versao-nov-2025.xlsx/view,https://www.gov.br/receitafederal/pt-br/centrais-de-conteudo/publicacoes/estudos/distribuicao-da-renda/distribuicao-de-renda-por-centis-estudo-ampliado-2017-a-2023/2023/centis-rb10-ufxi-ac2023-versao-nov-2025.xlsx/@@download/file,centis-rb10-ufxi-ac2023-versao-nov-2025.xlsx
receita_expanded-f637f424ba3ea6ff,receita_expanded,2023,Centis - RB2 - UFIII (AC2023 - versão Nov 2025).xlsx,xlsx,expanded_regional,https://www.gov.br/receitafederal/pt-br/centrais-de-conteudo/publicacoes/estudos/distribuicao-da-renda/distribuicao-de-renda-por-centis-estudo-ampliado-2017-a-2023/2023,https://www.gov.br/receitafederal/pt-br/centrais-de-conteudo/publicacoes/estudos/distribuicao-da-renda/distribuicao-de-renda-por-centis-estudo-ampliado-2017-a-2023/2023/centis-rb2-ufiii-ac2023-versao-nov-2025.xlsx/view,https://www.gov.br/receitafederal/pt-br/centrais-de-conteudo/publicacoes/estudos/distribuicao-da-renda/distribuicao-de-renda-por-centis-estudo-ampliado-2017-a-2023/2023/centis-rb2-ufiii-ac2023-versao-nov-2025.xlsx/@@download/file,centis-rb2-ufiii-ac2023-versao-nov-2025.xlsx
receita_expanded-b4863a7e9cc01b69,receita_expanded,2023,Centis - RB3 - UFIV (AC2023 - versão Nov 2025).xlsx,xlsx,expanded_regional,https://www.gov.br/receitafederal/pt-br/centrais-de-conteudo/publicacoes/estudos/distribuicao-da-renda/distribuicao-de-renda-por-centis-estudo-ampliado-2017-a-2023/2023,https://www.gov.br/receitafederal/pt-br/centrais-de-conteudo/publicacoes/estudos/distribuicao-da-renda/distribuicao-de-renda-por-centis-estudo-ampliado-2017-a-2023/2023/centis-rb3-ufiv-ac2023-versao-nov-2025.xlsx/view,https://www.gov.br/receitafederal/pt-br/centrais-de-conteudo/publicacoes/estudos/distribuicao-da-renda/distribuicao-de-renda-por-centis-estudo-ampliado-2017-a-2023/2023/centis-rb3-ufiv-ac2023-versao-nov-2025.xlsx/@@download/file,centis-rb3-ufiv-ac2023-versao-nov-2025.xlsx
receita_expanded-b93b132a5dc6d650,receita_expanded,2023,Centis - RB4 - UFV (AC2023 - versão Nov 2025).xlsx,xlsx,expanded_regional,https://www.gov.br/receitafederal/pt-br/centrais-de-conteudo/publicacoes/estudos/distribuicao-da-renda/distribuicao-de-renda-por-centis-estudo-ampliado-2017-a-2023/2023,https://www.gov.br/receitafederal/pt-br/centrais-de-conteudo/publicacoes/estudos/distribuicao-da-renda/distribuicao-de-renda-por-centis-estudo-ampliado-2017-a-2023/2023/centis-rb4-ufv-ac2023-versao-nov-2025.xlsx/view,https://www.gov.br/receitafederal/pt-br/centrais-de-conteudo/publicacoes/estudos/distribuicao-da-renda/distribuicao-de-renda-por-centis-estudo-ampliado-2017-a-2023/2023/centis-rb4-ufv-ac2023-versao-nov-2025.xlsx/@@download/file,centis-rb4-ufv-ac2023-versao-nov-2025.xlsx
receita_expanded-c9b34fa9b4a1f725,receita_expanded,2023,Centis - RB5 - UFVI (AC2023 - versão Nov 2025).xlsx,xlsx,expanded_regional,https://www.gov.br/receitafederal/pt-br/centrais-de-conteudo/publicacoes/estudos/distribuicao-da-renda/distribuicao-de-renda-por-centis-estudo-ampliado-2017-a-2023/2023,https://www.gov.br/receitafederal/pt-br/centrais-de-conteudo/publicacoes/estudos/distribuicao-da-renda/distribuicao-de-renda-por-centis-estudo-ampliado-2017-a-2023/2023/centis-rb5-ufvi-ac2023-versao-nov-2025.xlsx/view,https://www.gov.br/receitafederal/pt-br/centrais-de-conteudo/publicacoes/estudos/distribuicao-da-renda/distribuicao-de-renda-por-centis-estudo-ampliado-2017-a-2023/2023/centis-rb5-ufvi-ac2023-versao-nov-2025.xlsx/@@download/file,centis-rb5-ufvi-ac2023-versao-nov-2025.xlsx
receita_expanded-b08d788d6e77249f,receita_expanded,2023,Centis - RB6 - UFVII (AC2023 - versão Nov 2025).xlsx,xlsx,expanded_regional,https://www.gov.br/receitafederal/pt-br/centrais-de-conteudo/publicacoes/estudos/distribuicao-da-renda/distribuicao-de-renda-por-centis-estudo-ampliado-2017-a-2023/2023,https://www.gov.br/receitafederal/pt-br/centrais-de-conteudo/publicacoes/estudos/distribuicao-da-renda/distribuicao-de-renda-por-centis-estudo-ampliado-2017-a-2023/2023/centis-rb6-ufvii-ac2023-versao-nov-2025.xlsx/view,https://www.gov.br/receitafederal/pt-br/centrais-de-conteudo/publicacoes/estudos/distribuicao-da-renda/distribuicao-de-renda-por-centis-estudo-ampliado-2017-a-2023/2023/centis-rb6-ufvii-ac2023-versao-nov-2025.xlsx/@@download/file,centis-rb6-ufvii-ac2023-versao-nov-2025.xlsx
receita_expanded-b7b6cd8e9ffb05e9,receita_expanded,2023,Centis - RB7 - UFVIII (AC2023 - versão Nov 2025).xlsx,xlsx,expanded_regional,https://www.gov.br/receitafederal/pt-br/centrais-de-conteudo/publicacoes/estudos/distribuicao-da-renda/distribuicao-de-renda-por-centis-estudo-ampliado-2017-a-2023/2023,https://www.gov.br/receitafederal/pt-br/centrais-de-conteudo/publicacoes/estudos/distribuicao-da-renda/distribuicao-de-renda-por-centis-estudo-ampliado-2017-a-2023/2023/centis-rb7-ufviii-ac2023-versao-nov-2025.xlsx/view,https://www.gov.br/receitafederal/pt-br/centrais-de-conteudo/publicacoes/estudos/distribuicao-da-renda/distribuicao-de-renda-por-centis-estudo-ampliado-2017-a-2023/2023/centis-rb7-ufviii-ac2023-versao-nov-2025.xlsx/@@download/file,centis-rb7-ufviii-ac2023-versao-nov-2025.xlsx
receita_expanded-c4f986081e9e890b,receita_expanded,2023,Centis - RB8 - UFIX (AC2023 - versão Nov 2025).xlsx,xlsx,expanded_regional,https://www.gov.br/receitafederal/pt-br/centrais-de-conteudo/publicacoes/estudos/distribuicao-da-renda/distribuicao-de-renda-por-centis-estudo-ampliado-2017-a-2023/2023,https://www.gov.br/receitafederal/pt-br/centrais-de-conteudo/publicacoes/estudos/distribuicao-da-renda/distribuicao-de-renda-por-centis-estudo-ampliado-2017-a-2023/2023/centis-rb8-ufix-ac2023-versao-nov-2025.xlsx/view,https://www.gov.br/receitafederal/pt-br/centrais-de-conteudo/publicacoes/estudos/distribuicao-da-renda/distribuicao-de-renda-por-centis-estudo-ampliado-2017-a-2023/2023/centis-rb8-ufix-ac2023-versao-nov-2025.xlsx/@@download/file,centis-rb8-ufix-ac2023-versao-nov-2025.xlsx
receita_expanded-dc34717fe9e78362,receita_expanded,2023,Centis - RB9 - UFX (AC2023 - versão Nov 2025).xlsx,xlsx,expanded_regional,https://www.gov.br/receitafederal/pt-br/centrais-de-conteudo/publicacoes/estudos/distribuicao-da-renda/distribuicao-de-renda-por-centis-estudo-ampliado-2017-a-2023/2023,https://www.gov.br/receitafederal/pt-br/centrais-de-conteudo/publicacoes/estudos/distribuicao-da-renda/distribuicao-de-renda-por-centis-estudo-ampliado-2017-a-2023/2023/centis-rb9-ufx-ac2023-versao-nov-2025.xlsx/view,https://www.gov.br/receitafederal/pt-br/centrais-de-conteudo/publicacoes/estudos/distribuicao-da-renda/distribuicao-de-renda-por-centis-estudo-ampliado-2017-a-2023/2023/centis-rb9-ufx-ac2023-versao-nov-2025.xlsx/@@download/file,centis-rb9-ufx-ac2023-versao-nov-2025.xlsx
receita_expanded-1ff7a0241acd306c,receita_expanded,2023,Centis - RTB - UFI (AC2023 - versão Nov 2025).xlsx,xlsx,expanded_regional,https://www.gov.br/receitafederal/pt-br/centrais-de-conteudo/publicacoes/estudos/distribuicao-da-renda/distribuicao-de-renda-por-centis-estudo-ampliado-2017-a-2023/2023,https://www.gov.br/receitafederal/pt-br/centrais-de-conteudo/publicacoes/estudos/distribuicao-da-renda/distribuicao-de-renda-por-centis-estudo-ampliado-2017-a-2023/2023/centis-rtb-ufi-ac2023-versao-nov-2025.xlsx/view,https://www.gov.br/receitafederal/pt-br/centrais-de-conteudo/publicacoes/estudos/distribuicao-da-renda/distribuicao-de-renda-por-centis-estudo-ampliado-2017-a-2023/2023/centis-rtb-ufi-ac2023-versao-nov-2025.xlsx/@@download/file,centis-rtb-ufi-ac2023-versao-nov-2025.xlsx
receita_expanded-04acb206bb0a8cf9,receita_expanded,2023,Metadados - Centis - AC2023 (versão Novembro 2025).pdf,pdf,metadata,https://www.gov.br/receitafederal/pt-br/centrais-de-conteudo/publicacoes/estudos/distribuicao-da-renda/distribuicao-de-renda-por-centis-estudo-ampliado-2017-a-2023/2023,https://www.gov.br/receitafederal/pt-br/centrais-de-conteudo/publicacoes/estudos/distribuicao-da-renda/distribuicao-de-renda-por-centis-estudo-ampliado-2017-a-2023/2023/metadados-centis-ac2023-versao-novembro-2025.pdf/view,https://www.gov.br/receitafederal/pt-br/centrais-de-conteudo/publicacoes/estudos/distribuicao-da-renda/distribuicao-de-renda-por-centis-estudo-ampliado-2017-a-2023/2023/metadados-centis-ac2023-versao-novembro-2025.pdf/@@download/file,metadados-centis-ac2023-versao-novembro-2025.pdf
receita_expanded-6e3e82ef41775bc4,receita_expanded,2024,Centis - BR (AC2024).xlsx,xlsx,expanded_national,https://www.gov.br/receitafederal/pt-br/centrais-de-conteudo/publicacoes/estudos/distribuicao-da-renda/distribuicao-de-renda-por-centis-estudo-ampliado-2017-a-2023/2024,https://www.gov.br/receitafederal/pt-br/centrais-de-conteudo/publicacoes/estudos/distribuicao-da-renda/distribuicao-de-renda-por-centis-estudo-ampliado-2017-a-2023/2024/centis-br-ac2024.xlsx/view,https://www.gov.br/receitafederal/pt-br/centrais-de-conteudo/publicacoes/estudos/distribuicao-da-renda/distribuicao-de-renda-por-centis-estudo-ampliado-2017-a-2023/2024/centis-br-ac2024.xlsx/@@download/file,centis-br-ac2024.xlsx
receita_expanded-d1d06f4bb765c39c,receita_expanded,2024,Centis - RB1 - UFII (AC2024).xlsx,xlsx,expanded_regional,https://www.gov.br/receitafederal/pt-br/centrais-de-conteudo/publicacoes/estudos/distribuicao-da-renda/distribuicao-de-renda-por-centis-estudo-ampliado-2017-a-2023/2024,https://www.gov.br/receitafederal/pt-br/centrais-de-conteudo/publicacoes/estudos/distribuicao-da-renda/distribuicao-de-renda-por-centis-estudo-ampliado-2017-a-2023/2024/centis-rb1-ufii-ac2024.xlsx/view,https://www.gov.br/receitafederal/pt-br/centrais-de-conteudo/publicacoes/estudos/distribuicao-da-renda/distribuicao-de-renda-por-centis-estudo-ampliado-2017-a-2023/2024/centis-rb1-ufii-ac2024.xlsx/@@download/file,centis-rb1-ufii-ac2024.xlsx
receita_expanded-71fd21cbe067c727,receita_expanded,2024,Centis - RB10 - UFXI (AC2024).xlsx,xlsx,expanded_regional,https://www.gov.br/receitafederal/pt-br/centrais-de-conteudo/publicacoes/estudos/distribuicao-da-renda/distribuicao-de-renda-por-centis-estudo-ampliado-2017-a-2023/2024,https://www.gov.br/receitafederal/pt-br/centrais-de-conteudo/publicacoes/estudos/distribuicao-da-renda/distribuicao-de-renda-por-centis-estudo-ampliado-2017-a-2023/2024/centis-rb10-ufxi-ac2024.xlsx/view,https://www.gov.br/receitafederal/pt-br/centrais-de-conteudo/publicacoes/estudos/distribuicao-da-renda/distribuicao-de-renda-por-centis-estudo-ampliado-2017-a-2023/2024/centis-rb10-ufxi-ac2024.xlsx/@@download/file,centis-rb10-ufxi-ac2024.xlsx
receita_expanded-50eec33374e597e4,receita_expanded,2024,Centis - RB2 - UFIII (AC2024).xlsx,xlsx,expanded_regional,https://www.gov.br/receitafederal/pt-br/centrais-de-conteudo/publicacoes/estudos/distribuicao-da-renda/distribuicao-de-renda-por-centis-estudo-ampliado-2017-a-2023/2024,https://www.gov.br/receitafederal/pt-br/centrais-de-conteudo/publicacoes/estudos/distribuicao-da-renda/distribuicao-de-renda-por-centis-estudo-ampliado-2017-a-2023/2024/centis-rb2-ufiii-ac2024.xlsx/view,https://www.gov.br/receitafederal/pt-br/centrais-de-conteudo/publicacoes/estudos/distribuicao-da-renda/distribuicao-de-renda-por-centis-estudo-ampliado-2017-a-2023/2024/centis-rb2-ufiii-ac2024.xlsx/@@download/file,centis-rb2-ufiii-ac2024.xlsx
receita_expanded-4c810cfe32399494,receita_expanded,2024,Centis - RB3 - UFIV (AC2024).xlsx,xlsx,expanded_regional,https://www.gov.br/receitafederal/pt-br/centrais-de-conteudo/publicacoes/estudos/distribuicao-da-renda/distribuicao-de-renda-por-centis-estudo-ampliado-2017-a-2023/2024,https://www.gov.br/receitafederal/pt-br/centrais-de-conteudo/publicacoes/estudos/distribuicao-da-renda/distribuicao-de-renda-por-centis-estudo-ampliado-2017-a-2023/2024/centis-rb3-ufiv-ac2024.xlsx/view,https://www.gov.br/receitafederal/pt-br/centrais-de-conteudo/publicacoes/estudos/distribuicao-da-renda/distribuicao-de-renda-por-centis-estudo-ampliado-2017-a-2023/2024/centis-rb3-ufiv-ac2024.xlsx/@@download/file,centis-rb3-ufiv-ac2024.xlsx
receita_expanded-630d7ca3aa039336,receita_expanded,2024,Centis - RB4 - UFV (AC2024).xlsx,xlsx,expanded_regional,https://www.gov.br/receitafederal/pt-br/centrais-de-conteudo/publicacoes/estudos/distribuicao-da-renda/distribuicao-de-renda-por-centis-estudo-ampliado-2017-a-2023/2024,https://www.gov.br/receitafederal/pt-br/centrais-de-conteudo/publicacoes/estudos/distribuicao-da-renda/distribuicao-de-renda-por-centis-estudo-ampliado-2017-a-2023/2024/centis-rb4-ufv-ac2024.xlsx/view,https://www.gov.br/receitafederal/pt-br/centrais-de-conteudo/publicacoes/estudos/distribuicao-da-renda/distribuicao-de-renda-por-centis-estudo-ampliado-2017-a-2023/2024/centis-rb4-ufv-ac2024.xlsx/@@download/file,centis-rb4-ufv-ac2024.xlsx
receita_expanded-9b69a060f249f5b5,receita_expanded,2024,Centis - RB5 - UFVI (AC2024).xlsx,xlsx,expanded_regional,https://www.gov.br/receitafederal/pt-br/centrais-de-conteudo/publicacoes/estudos/distribuicao-da-renda/distribuicao-de-renda-por-centis-estudo-ampliado-2017-a-2023/2024,https://www.gov.br/receitafederal/pt-br/centrais-de-conteudo/publicacoes/estudos/distribuicao-da-renda/distribuicao-de-renda-por-centis-estudo-ampliado-2017-a-2023/2024/centis-rb5-ufvi-ac2024.xlsx/view,https://www.gov.br/receitafederal/pt-br/centrais-de-conteudo/publicacoes/estudos/distribuicao-da-renda/distribuicao-de-renda-por-centis-estudo-ampliado-2017-a-2023/2024/centis-rb5-ufvi-ac2024.xlsx/@@download/file,centis-rb5-ufvi-ac2024.xlsx
receita_expanded-30403ec7cd832776,receita_expanded,2024,Centis - RB6 - UFVII (AC2024).xlsx,xlsx,expanded_regional,https://www.gov.br/receitafederal/pt-br/centrais-de-conteudo/publicacoes/estudos/distribuicao-da-renda/distribuicao-de-renda-por-centis-estudo-ampliado-2017-a-2023/2024,https://www.gov.br/receitafederal/pt-br/centrais-de-conteudo/publicacoes/estudos/distribuicao-da-renda/distribuicao-de-renda-por-centis-estudo-ampliado-2017-a-2023/2024/centis-rb6-ufvii-ac2024.xlsx/view,https://www.gov.br/receitafederal/pt-br/centrais-de-conteudo/publicacoes/estudos/distribuicao-da-renda/distribuicao-de-renda-por-centis-estudo-ampliado-2017-a-2023/2024/centis-rb6-ufvii-ac2024.xlsx/@@download/file,centis-rb6-ufvii-ac2024.xlsx
receita_expanded-56522b3ddabcd87c,receita_expanded,2024,Centis - RB7 - UFVIII (AC2024).xlsx,xlsx,expanded_regional,https://www.gov.br/receitafederal/pt-br/centrais-de-conteudo/publicacoes/estudos/distribuicao-da-renda/distribuicao-de-renda-por-centis-estudo-ampliado-2017-a-2023/2024,https://www.gov.br/receitafederal/pt-br/centrais-de-conteudo/publicacoes/estudos/distribuicao-da-renda/distribuicao-de-renda-por-centis-estudo-ampliado-2017-a-2023/2024/centis-rb7-ufviii-ac2024.xlsx/view,https://www.gov.br/receitafederal/pt-br/centrais-de-conteudo/publicacoes/estudos/distribuicao-da-renda/distribuicao-de-renda-por-centis-estudo-ampliado-2017-a-2023/2024/centis-rb7-ufviii-ac2024.xlsx/@@download/file,centis-rb7-ufviii-ac2024.xlsx
receita_expanded-c5d5b9e00fdd7f57,receita_expanded,2024,Centis - RB8 - UFIX (AC2024).xlsx,xlsx,expanded_regional,https://www.gov.br/receitafederal/pt-br/centrais-de-conteudo/publicacoes/estudos/distribuicao-da-renda/distribuicao-de-renda-por-centis-estudo-ampliado-2017-a-2023/2024,https://www.gov.br/receitafederal/pt-br/centrais-de-conteudo/publicacoes/estudos/distribuicao-da-renda/distribuicao-de-renda-por-centis-estudo-ampliado-2017-a-2023/2024/centis-rb8-ufix-ac2024.xlsx/view,https://www.gov.br/receitafederal/pt-br/centrais-de-conteudo/publicacoes/estudos/distribuicao-da-renda/distribuicao-de-renda-por-centis-estudo-ampliado-2017-a-2023/2024/centis-rb8-ufix-ac2024.xlsx/@@download/file,centis-rb8-ufix-ac2024.xlsx
receita_expanded-d232a9498e7153f7,receita_expanded,2024,Centis - RB9 - UFX (AC2024).xlsx,xlsx,expanded_regional,https://www.gov.br/receitafederal/pt-br/centrais-de-conteudo/publicacoes/estudos/distribuicao-da-renda/distribuicao-de-renda-por-centis-estudo-ampliado-2017-a-2023/2024,https://www.gov.br/receitafederal/pt-br/centrais-de-conteudo/publicacoes/estudos/distribuicao-da-renda/distribuicao-de-renda-por-centis-estudo-ampliado-2017-a-2023/2024/centis-rb9-ufx-ac2024.xlsx/view,https://www.gov.br/receitafederal/pt-br/centrais-de-conteudo/publicacoes/estudos/distribuicao-da-renda/distribuicao-de-renda-por-centis-estudo-ampliado-2017-a-2023/2024/centis-rb9-ufx-ac2024.xlsx/@@download/file,centis-rb9-ufx-ac2024.xlsx
receita_expanded-b3cf29d72e7efe72,receita_expanded,2024,Centis - RTB - UFI (AC2024).xlsx,xlsx,expanded_regional,https://www.gov.br/receitafederal/pt-br/centrais-de-conteudo/publicacoes/estudos/distribuicao-da-renda/distribuicao-de-renda-por-centis-estudo-ampliado-2017-a-2023/2024,https://www.gov.br/receitafederal/pt-br/centrais-de-conteudo/publicacoes/estudos/distribuicao-da-renda/distribuicao-de-renda-por-centis-estudo-ampliado-2017-a-2023/2024/centis-rtb-ufi-ac2024.xlsx/view,https://www.gov.br/receitafederal/pt-br/centrais-de-conteudo/publicacoes/estudos/distribuicao-da-renda/distribuicao-de-renda-por-centis-estudo-ampliado-2017-a-2023/2024/centis-rtb-ufi-ac2024.xlsx/@@download/file,centis-rtb-ufi-ac2024.xlsx
receita_expanded-24b41c1f0aae8630,receita_expanded,2024,Metadados - Centis - AC2024.pdf,pdf,metadata,https://www.gov.br/receitafederal/pt-br/centrais-de-conteudo/publicacoes/estudos/distribuicao-da-renda/distribuicao-de-renda-por-centis-estudo-ampliado-2017-a-2023/2024,https://www.gov.br/receitafederal/pt-br/centrais-de-conteudo/publicacoes/estudos/distribuicao-da-renda/distribuicao-de-renda-por-centis-estudo-ampliado-2017-a-2023/2024/metadados-centis-ac2024.pdf/view,https://www.gov.br/receitafederal/pt-br/centrais-de-conteudo/publicacoes/estudos/distribuicao-da-renda/distribuicao-de-renda-por-centis-estudo-ampliado-2017-a-2023/2024/metadados-centis-ac2024.pdf/@@download/file,metadados-centis-ac2024.pdf
receita_wealth-6b4ec8199a69d0a4,receita_wealth,,Distribuicao de Bens e Direitos - Tabela 3.xlsx,xlsx,wealth_historical,https://www.gov.br/receitafederal/pt-br/centrais-de-conteudo/publicacoes/estudos/distribuicao-da-renda/distribuicao-dos-bens-e-direitos-por-centis-de-2006-a-2021,https://www.gov.br/receitafederal/pt-br/centrais-de-conteudo/publicacoes/estudos/distribuicao-da-renda/distribuicao-dos-bens-e-direitos-por-centis-de-2006-a-2021/distribuicao-de-bens-e-direitos-3.xlsx/view,https://www.gov.br/receitafederal/pt-br/centrais-de-conteudo/publicacoes/estudos/distribuicao-da-renda/distribuicao-dos-bens-e-direitos-por-centis-de-2006-a-2021/distribuicao-de-bens-e-direitos-3.xlsx/@@download/file,distribuicao-de-bens-e-direitos-3.xlsx
receita_wealth-b05b3b834ade8c46,receita_wealth,,Distribuicao de Bens e Direitos - Tabela 1.xlsx,xlsx,wealth_historical,https://www.gov.br/receitafederal/pt-br/centrais-de-conteudo/publicacoes/estudos/distribuicao-da-renda/distribuicao-dos-bens-e-direitos-por-centis-de-2006-a-2021,https://www.gov.br/receitafederal/pt-br/centrais-de-conteudo/publicacoes/estudos/distribuicao-da-renda/distribuicao-dos-bens-e-direitos-por-centis-de-2006-a-2021/distribuicao-de-bens-e-direitos-tabela-1.xlsx/view,https://www.gov.br/receitafederal/pt-br/centrais-de-conteudo/publicacoes/estudos/distribuicao-da-renda/distribuicao-dos-bens-e-direitos-por-centis-de-2006-a-2021/distribuicao-de-bens-e-direitos-tabela-1.xlsx/@@download/file,distribuicao-de-bens-e-direitos-tabela-1.xlsx
receita_wealth-02a34719afa787d2,receita_wealth,,Distribuicao de Bens e Direitos - Tabela 2.xlsx,xlsx,wealth_historical,https://www.gov.br/receitafederal/pt-br/centrais-de-conteudo/publicacoes/estudos/distribuicao-da-renda/distribuicao-dos-bens-e-direitos-por-centis-de-2006-a-2021,https://www.gov.br/receitafederal/pt-br/centrais-de-conteudo/publicacoes/estudos/distribuicao-da-renda/distribuicao-dos-bens-e-direitos-por-centis-de-2006-a-2021/distribuicao-de-bens-e-direitos-tabela-2.xlsx/view,https://www.gov.br/receitafederal/pt-br/centrais-de-conteudo/publicacoes/estudos/distribuicao-da-renda/distribuicao-dos-bens-e-direitos-por-centis-de-2006-a-2021/distribuicao-de-bens-e-direitos-tabela-2.xlsx/@@download/file,distribuicao-de-bens-e-direitos-tabela-2.xlsx
receita_wealth-25e731605fb2309c,receita_wealth,,Metadados Centis Bens e Direitos AC 2006 a 2021.pdf,pdf,metadata,https://www.gov.br/receitafederal/pt-br/centrais-de-conteudo/publicacoes/estudos/distribuicao-da-renda/distribuicao-dos-bens-e-direitos-por-centis-de-2006-a-2021,https://www.gov.br/receitafederal/pt-br/centrais-de-conteudo/publicacoes/estudos/distribuicao-da-renda/distribuicao-dos-bens-e-direitos-por-centis-de-2006-a-2021/metadados-centis-bens-e-direitos-ac-2006-a-2021.pdf/view,https://www.gov.br/receitafederal/pt-br/centrais-de-conteudo/publicacoes/estudos/distribuicao-da-renda/distribuicao-dos-bens-e-direitos-por-centis-de-2006-a-2021/metadados-centis-bens-e-direitos-ac-2006-a-2021.pdf/@@download/file,metadados-centis-bens-e-direitos-ac-2006-a-2021.pdf
