indicator_id,label,short_label,definition,reading,range,grouped_note,reference_keys,unstable
gini_grouped,"Gini agrupado","Gini agrupado","Mede o quanto a distribuição observada se afasta da igualdade perfeita, pela área entre a curva de Lorenz e a diagonal.","0 significa que todos os grupos têm a mesma renda média; 1 significa que toda a renda está concentrada num único grupo.","0 a 1","Calculado sobre as médias e as quantidades dos 118 grupos disjuntos. O valor publicado é o limite inferior — trapézio de Lorenz sobre as médias — e não enxerga a desigualdade dentro de cada grupo; o limite superior no espírito de Gastwirth acompanha a série, na coluna gini_upper_bound dos dados curados.",gastwirth1972;cowell2011,0
gini_upper_bound,"Limite superior do Gini","Limite superior do Gini","Maior Gini compatível com as médias e os limites monetários divulgados de cada grupo.","A distância até o Gini agrupado é o quanto a desigualdade dentro dos grupos poderia acrescentar, no pior caso.","0 a 1","Construído no espírito de Gastwirth (1972): soma a máxima desigualdade interna admissível em cada grupo. O par gini_lower_bound e gini_upper_bound acompanha todas as distribuições publicadas.",gastwirth1972,0
theil_t_grouped,"Theil T agrupado","Theil T agrupado","Índice de entropia que pondera cada grupo pela sua participação na renda.","0 na igualdade perfeita; cresce conforme a renda se concentra, sem teto fixo.","0 ou mais","Com dados agrupados capta apenas o componente entre grupos. É essa propriedade aditiva que permite a decomposição da desigualdade entre e dentro das UFs publicada pelo projeto.",theil1967;cowell2011,0
atkinson_grouped,"Atkinson (ε = 0,5)","Atkinson (ε = 0,5)","Proporção da renda total de que se poderia abrir mão, sob distribuição igualitária, mantendo o mesmo bem-estar. O parâmetro ε fixa a aversão à desigualdade.","0,10 significa que o mesmo bem-estar seria obtido com 90% da renda, se ela fosse distribuída por igual.","0 a 1","ε = 0,5 é o valor congelado em config/project.yml; o caso-limite ε = 1 usa a média geométrica dos grupos. Sem informação dentro dos grupos, o índice é um piso.",atkinson1970;cowell2011,0
top_10_share,"Participação do top 10%","Participação do top 10%","Fração da renda total do conceito de ordenação que cabe às 10% de declarações de maior renda.","0,55 significa que o décimo do topo concentra 55% da renda declarada.","0 a 1","Soma dos grupos divulgados cujo limite inferior começa em 0,90, sem interpolação dentro dos grupos.",medeiros_souza_castro2015;morgan2017,0
top_1_share,"Participação do top 1%","Participação do top 1%","Fração da renda total do conceito de ordenação que cabe ao 1% de declarações de maior renda.","0,21 significa que o centésimo do topo concentra 21% da renda declarada.","0 a 1","Soma dos grupos 101 a 109 e 111 a 120, que são disjuntos. O agregado 100 não é somado de novo.",medeiros_souza_castro2015;souza2018,0
top_0_1_share,"Participação do top 0,1%","Participação do top 0,1%","Fração da renda total do conceito de ordenação que cabe ao 0,1% de declarações de maior renda.","0,09 significa que um milésimo das declarações concentra 9% da renda declarada.","0 a 1","Soma dos grupos 111 a 120, que são disjuntos. O agregado 110 não é somado de novo.",medeiros_souza_castro2015;souza2018,0
top_0_01_share,"Participação do top 0,01%","Participação do top 0,01%","Fração da renda total do conceito de ordenação que cabe ao 0,01% de declarações de maior renda.","0,04 significa que uma em cada dez mil declarações concentra 4% da renda declarada.","0 a 1","Corresponde ao grupo 120 isolado. É o grupo em que o arquivo oficial de 2018 apresenta um salto que torna o ano incomparável com os vizinhos.",medeiros_souza_castro2015,0
bottom_40_share,"Participação dos 40% de menor renda","Participação dos 40% da base","Fração da renda total do conceito de ordenação que cabe aos 40% de declarações de menor renda.","0,08 significa que os quatro décimos da base reúnem 8% da renda declarada.","0 a 1","Soma dos grupos divulgados até o limite superior de 0,40, sem interpolação dentro dos grupos.",palma2011,0
palma,"Palma (instável em algumas UFs)","Razão de Palma","Razão entre a renda do décimo mais rico e a renda dos quatro décimos mais pobres.","3,0 significa que o topo 10% recebe três vezes o que recebem os 40% da base.","0 ou mais","Não é limitado por construção. Quando a renda declarada da base tende a zero — o que ocorre em algumas UFs — a razão explode e deixa de ser comparável entre geografias.",palma2011,1
wolfson_grouped,"Wolfson (instável em algumas UFs)","Índice de Wolfson","Mede bipolarização: o quanto a distribuição se esvazia em torno da mediana e se acumula em dois polos.","0 quando toda a distribuição está na mediana; cresce conforme a massa se afasta dela para os dois lados.","0 ou mais","Depende da mediana do grupo. Quando ela tende a zero o índice explode — chega a 4,5 em algumas UFs, o que é artefato de fórmula e não desigualdade.",wolfson1994,1
esteban_ray_a13,"Esteban–Ray (α = 1,3)","Esteban–Ray (α = 1,3)","Mede polarização como o produto entre a identificação dentro de cada grupo e a alienação entre grupos, com sensibilidade α.","Cresce quando a população se organiza em poucos blocos internamente homogêneos e distantes entre si.","0 ou mais","Calculado sobre os 118 grupos disjuntos. A identificação usa a quantidade de declarações de cada grupo divulgado, não uma estimativa de densidade contínua.",esteban_ray1994,0
p90_p50,"Razão P90/P50","Razão P90/P50","Razão entre o limite de renda do percentil 90 e o limite do percentil 50.","4,0 significa que a entrada no décimo do topo exige quatro vezes a renda da mediana.","0 ou mais","Usa os limites superiores divulgados dos grupos, sem interpolação dentro deles.",cowell2011,0
effective_rate,"Alíquota efetiva média","Alíquota efetiva média","Imposto devido dividido pela renda do próprio conceito de ordenação, em cada grupo.","0,12 significa que o grupo deve 12% da renda ampla declarada em imposto de renda.","0 a 1","É uma média de grupo, não de declarante. Fica sem valor quando a renda do conceito é nula ou menor que o imposto devido — sinal de que o conceito não cobre a base tributada. Sob RB4, 97% dos grupos têm alíquota definida.",gobetti_orair2017,0
debt_income_ratio,"Razão dívida/renda","Razão dívida/renda","Dívidas e ônus declarados no encerramento do ano divididos pela renda anual do grupo no conceito de ordenação.","0,25 significa que o estoque de dívidas do grupo equivale a um quarto da renda que ele declarou no ano.","0 ou mais","Compara um estoque de 31 de dezembro com um fluxo de doze meses: mede alavancagem declarada, não capacidade de pagamento. Fica sem valor quando a renda do grupo é nula, como ocorre no primeiro centil.",rfb_centis,0
debt_share,"Participação no estoque de dívidas","Participação no estoque de dívidas","Fração do total de dívidas e ônus declarados no ano e na geografia que cabe ao grupo.","0,05 significa que o grupo responde por 5% de todo o endividamento declarado naquele recorte.","0 a 1","Distribui um estoque declarado ao longo dos grupos ordenados por renda; não é uma ordenação direta por endividamento.",rfb_centis,0
assets_sum_real,"Bens e direitos declarados","Bens e direitos declarados","Soma dos quatro grupos de bens e direitos divulgados: imóveis, móveis, ativos financeiros e outros.","Mede o patrimônio declarado que se acumula em cada posição da distribuição de renda.","R$ de 2024","O total consolidado só é divulgado a partir de 2022; a série usa a soma dos quatro grupos, que cobre 2017 a 2024, e é conferida contra o total nos anos em que ele existe.",rfb_centis,0
wealth_gini_direct,"Gini patrimonial (ordenação direta)","Gini patrimonial","Gini agrupado calculado sobre a distribuição nacional ordenada diretamente pelo valor dos bens e direitos declarados.","Fica próximo de 1 porque uma parcela grande das declarações informa patrimônio igual a zero.","0 a 1","Série nacional de 2006 a 2021, da Tabela III. Inclui o grupo com patrimônio declarado igual a zero. Não confundir com bens observados dentro dos centis de renda, que medem concentração patrimonial ao longo da renda.",rfb_wealth;gastwirth1972,0
